Date Submitted,Workout Date,Activity Type,Calories Burned (kCal),Distance (km),Workout Time (seconds),Avg Pace (min/km),Max Pace (min/km),Avg Speed (km/h),Max Speed (km/h),Avg Heart Rate,Steps,Notes,Source,Link
"April 27, 2021","April 27, 2021",Run,623,7.848947716,2869,6.091612483,0.481645938,9.849603709,124.5728817,0,7513,b'',Map My Fitness MapMyFitness iPhone,http://www.mapmyfitness.com/workout/5708668504
"April 25, 2021","April 25, 2021",Bike Ride,1235,60.22535397,14113,3.905634843,0.156174193,15.36242767,384.1874277,0,,b'',Map My Fitness MapMyFitness iPhone,http://www.mapmyfitness.com/workout/5703080491
"April 23, 2021","April 23, 2021",Bike Ride,250,9.996810405,2132,3.553901465,0.177321318,16.88282323,338.369404,0,,b'',Map My Fitness MapMyFitness iPhone,http://www.mapmyfitness.com/workout/5696633653
"April 21, 2021","April 21, 2021",Run,234,2.977930138,1063,5.951356578,0.546601597,10.08173549,109.7691699,0,2790,b'',Map My Fitness MapMyFitness iPhone,http://www.mapmyfitness.com/workout/5690603659
"April 20, 2021","April 20, 2021",Bike Ride,376,12.25956416,2045,2.780269476,0.219852934,21.5806593,272.9093368,0,,b'',Map My Fitness MapMyFitness iPhone,http://www.mapmyfitness.com/workout/5687565154
"April 19, 2021","April 19, 2021",Bike Ride,485,21.82640613,5542,4.231314126,0.03248423,14.17999436,1847.044109,0,,b'',Map My Fitness MapMyFitness iPhone,http://www.mapmyfitness.com/workout/5685108406
"April 18, 2021","April 18, 2021",Run,719,8.791154254,3478,6.592872624,0.53205654,9.100711572,112.7699528,0,9048,b'',Map My Fitness MapMyFitness iPhone,http://www.mapmyfitness.com/workout/5680964884
"April 14, 2021","April 14, 2021",Run,333,4.346274874,1452,5.566466834,0.524740515,10.77882284,114.3422819,0,3834,b'',Map My Fitness MapMyFitness iPhone,http://www.mapmyfitness.com/workout/5668798630
"April 13, 2021","April 13, 2021",Walk,213,3.524913976,3296,15.58405164,0.052473865,3.850081932,1143.426037,0,5508,b'',Map My Fitness MapMyFitness iPhone,http://www.mapmyfitness.com/workout/5667417865
"April 10, 2021","April 10, 2021",Hike,963,5.638304517,6288,18.58459099,1.163349787,3.228472812,51.57512997,0,,b'',Map My Fitness MapMyFitness iPhone,http://www.mapmyfitness.com/workout/5656440112
"April 10, 2021","April 10, 2021",Hike,586,3.863439487,3829,16.51474141,1.125228665,3.633126267,53.32239475,0,,b'',Map My Fitness MapMyFitness iPhone,http://www.mapmyfitness.com/workout/5656155898
"April 8, 2021","April 8, 2021",Run,474,6.175648385,2072,5.592570637,0.516198526,10.72851475,116.2342267,0,5468,b'',Map My Fitness MapMyFitness iPhone,http://www.mapmyfitness.com/workout/5649751777
"April 5, 2021","April 5, 2021",Run,477,6.190808406,2089,5.620544769,0.539222192,10.67511671,111.2713316,0,5510,b'',Map My Fitness MapMyFitness iPhone,http://www.mapmyfitness.com/workout/5639206000
"April 2, 2021","April 2, 2021",Bike Ride,591,26.77095464,5861,3.648113766,0.134916463,16.44685194,444.7212929,0,,b'',Map My Fitness MapMyFitness iPhone,http://www.mapmyfitness.com/workout/5630551135
"March 31, 2021","March 31, 2021",Bike Ride,269,12.52462312,3071,4.086286089,0.263835451,14.68325232,227.4147913,0,,b'',Map My Fitness MapMyFitness iPhone,http://www.mapmyfitness.com/workout/5625388831
"March 30, 2021","March 30, 2021",Run,308,3.885294378,1422,6.097478227,0.278953412,9.840124673,215.0888256,0,3724,b'',Map My Fitness MapMyFitness iPhone,http://www.mapmyfitness.com/workout/5620439779
"March 30, 2021","March 30, 2021",Bike Ride,25,1.258684036,287,3.797945001,0.267766866,15.79802882,224.0754025,0,,b'',Map My Fitness MapMyFitness iPhone,http://www.mapmyfitness.com/workout/5620412638
"March 28, 2021","March 28, 2021",Bike Ride,1387,69.5185109,15853,3.80082195,0.140155243,15.78607139,428.0967694,0,,b'',Map My Fitness MapMyFitness iPhone,http://www.mapmyfitness.com/workout/5615624194
"March 26, 2021","March 26, 2021",Bike Ride,142,6.933874717,1619,3.889100155,0.233859883,15.42773485,256.5632298,0,,b'',Map My Fitness MapMyFitness iPhone,http://www.mapmyfitness.com/workout/5608213684
"March 25, 2021","March 25, 2021",Bike Ride,199,9.635319556,2269,3.923573829,0.105623161,15.29217981,568.0581984,0,,b'',Map My Fitness MapMyFitness iPhone,http://www.mapmyfitness.com/workout/5604914761
"March 24, 2021","March 24, 2021",Run,293,3.722702354,1331,5.95675008,0.518862965,10.07261051,115.6374819,0,3492,b'',Map My Fitness MapMyFitness iPhone,http://www.mapmyfitness.com/workout/5601540934
"March 23, 2021","March 23, 2021",Bike Ride,384,12.28243294,1988,2.696123389,0.188760762,22.25416977,317.8615334,0,,b'',Map My Fitness MapMyFitness iPhone,http://www.mapmyfitness.com/workout/5597903581
"March 19, 2021","March 19, 2021",Run,471,5.963472472,2154,6.020484123,0.241832697,9.965975374,248.1045178,0,5647,b'',Map My Fitness MapMyFitness iPhone,http://www.mapmyfitness.com/workout/5584786735
"March 18, 2021","March 18, 2021",Run,467,6.003448577,2079,5.771488259,0.489771609,10.39592772,122.5060012,0,5471,b'',Map My Fitness MapMyFitness iPhone,http://www.mapmyfitness.com/workout/5581980382
"March 16, 2021","March 16, 2021",Bike Ride,379,12.58376651,2166,2.868174859,0.138480027,20.91921892,433.2756384,0,,b'',Map My Fitness MapMyFitness iPhone,http://www.mapmyfitness.com/workout/5575322443
"March 13, 2021","March 13, 2021",Run,699,8.486489341,3414,6.704346616,0.285280835,8.949384956,210.31873,0,8870,b'',Map My Fitness MapMyFitness iPhone,http://www.mapmyfitness.com/workout/5566559839
"March 13, 2021","March 11, 2021",Bike Ride,380,12.3882795,2063,2.774235962,0.181976631,21.62765215,329.7127427,0,,b'',Map My Fitness MapMyFitness iPhone,http://www.mapmyfitness.com/workout/5566559992
"March 9, 2021","March 9, 2021",Bike Ride,380,12.35721916,2054,2.768612553,0.202162496,21.67158724,296.7920018,0,,b'',Map My Fitness MapMyFitness iPhone,http://www.mapmyfitness.com/workout/5552707384
"March 8, 2021","March 8, 2021",Run,262,3.335542468,1189,5.939569166,0.103895127,10.10173963,577.5050477,0,3121,b'',Map My Fitness MapMyFitness iPhone,http://www.mapmyfitness.com/workout/5549623198
"March 6, 2021","March 6, 2021",Run,413,5.132037082,2335,7.581412054,0.690995834,7.914110054,86.83086804,0,6011,b'',Map My Fitness MapMyFitness iPhone,http://www.mapmyfitness.com/workout/5542333111
"March 5, 2021","March 5, 2021",Bike Ride,162,7.497660108,1850,4.109736638,0.206619592,14.59948596,290.388422,0,,b'',Map My Fitness MapMyFitness iPhone,http://www.mapmyfitness.com/workout/5539326421
"March 3, 2021","March 3, 2021",Bike Ride,371,12.25663516,2090,2.842381741,0.179085391,21.10912151,335.0364526,0,,b'',Map My Fitness MapMyFitness iPhone,http://www.mapmyfitness.com/workout/5532379567
"March 1, 2021","March 1, 2021",Bike Ride,274,12.52216082,3131,4.162279786,0.245454048,14.41518389,244.4448695,0,,b'',Map My Fitness MapMyFitness iPhone,http://www.mapmyfitness.com/workout/5525549167
"Feb. 28, 2021","Feb. 28, 2021",Bike Ride,512,22.4194494,5845,4.344590094,0.19435621,13.81027976,308.7124128,0,,b'',Map My Fitness MapMyFitness iPhone,http://www.mapmyfitness.com/workout/5523416140
"Feb. 26, 2021","Feb. 26, 2021",Bike Ride,378,12.43944054,2108,2.82354798,0.148627018,21.24993911,403.6958957,0,,b'',Map My Fitness MapMyFitness iPhone,http://www.mapmyfitness.com/workout/5515879285
"Feb. 25, 2021","Feb. 25, 2021",Run,421,5.283106203,1958,6.175404388,0.486304358,9.715963784,123.3795531,0,5122,b'',Map My Fitness MapMyFitness iPhone,http://www.mapmyfitness.com/workout/5512882156
"Feb. 24, 2021","Feb. 24, 2021",Bike Ride,379,12.3603091,2066,2.785327438,0.204740565,21.54139131,293.0534957,0,,b'',Map My Fitness MapMyFitness iPhone,http://www.mapmyfitness.com/workout/5509153903
"Feb. 23, 2021","Feb. 23, 2021",Bike Ride,404,13.39395856,2369,2.946467629,0.188053642,20.3633515,319.0588854,0,,b'',Map My Fitness MapMyFitness iPhone,http://www.mapmyfitness.com/workout/5505366850
"Feb. 21, 2021","Feb. 21, 2021",Run,548,6.727074013,2638,6.534463732,0.534556316,9.182128285,112.2425707,0,6868,b'',Map My Fitness MapMyFitness iPhone,http://www.mapmyfitness.com/workout/5499476011
"Feb. 20, 2021","Feb. 20, 2021",Run,678,8.437082481,3183,6.288090054,0.510316626,9.541832763,117.5740055,0,8313,b'',Map My Fitness MapMyFitness iPhone,http://www.mapmyfitness.com/workout/5497104691
"Feb. 18, 2021","Feb. 18, 2021",Run,383,4.895463514,1722,5.860835222,0.053146251,10.23745561,1128.961253,0,4525,b'',Map My Fitness MapMyFitness iPhone,http://www.mapmyfitness.com/workout/5490691363
"Feb. 16, 2021","Feb. 16, 2021",Run,469,5.836479137,2201,6.282311302,0.52848117,9.550603688,113.5329428,0,5749,b'',Map My Fitness MapMyFitness iPhone,http://www.mapmyfitness.com/workout/5484875284
"Feb. 7, 2021","Feb. 7, 2021",Run,218,2.767154354,997,6.004446532,0.562340929,9.992593924,106.6969322,0,2614,b'',Map My Fitness MapMyFitness iPhone,http://www.mapmyfitness.com/workout/5455356559
"Feb. 6, 2021","Feb. 6, 2021",Bike Ride,594,26.06364795,5670,3.62575683,0.197452502,16.54824061,303.8698967,0,,b'',Map My Fitness MapMyFitness iPhone,http://www.mapmyfitness.com/workout/5452898083
"Feb. 4, 2021","Feb. 4, 2021",Run,462,5.744666062,2178,6.317232363,0.550874145,9.497865485,108.917827,0,5686,b'',Map My Fitness MapMyFitness iPhone,http://www.mapmyfitness.com/workout/5444618362
"Feb. 1, 2021","Feb. 1, 2021",Run,277,3.477470515,1283,6.147827935,0.550126014,9.759544819,109.0658866,0,3357,b'',Map My Fitness MapMyFitness iPhone,http://www.mapmyfitness.com/workout/5432656819
"Jan. 29, 2021","Jan. 29, 2021",Run,267,3.486434561,1159,5.536777718,0.480858039,10.83663048,124.7769465,0,3061,b'',Map My Fitness MapMyFitness iPhone,http://www.mapmyfitness.com/workout/5421267031
"Jan. 28, 2021","Jan. 28, 2021",Run,354,4.419274717,1655,6.23943669,0.521309304,9.616232736,115.0948111,0,4325,b'',Map My Fitness MapMyFitness iPhone,http://www.mapmyfitness.com/workout/5418602542
"Jan. 26, 2021","Jan. 26, 2021",Run,354,4.43626939,1646,6.182276754,0.26550259,9.705165085,225.9856938,0,4305,b'',Map My Fitness MapMyFitness iPhone,http://www.mapmyfitness.com/workout/5402428258
"Jan. 23, 2021","Jan. 23, 2021",Run,291,3.751573985,1291,5.733416846,0.496819201,10.46496857,120.7682315,0,3399,b'',Map My Fitness MapMyFitness iPhone,http://www.mapmyfitness.com/workout/5388603499
"Jan. 20, 2021","Jan. 20, 2021",Run,339,4.052698341,1693,6.96072437,0.084903538,8.619759118,706.6854812,0,4386,b'',Map My Fitness MapMyFitness iPhone,http://www.mapmyfitness.com/workout/5375418736
"Jan. 18, 2021","Jan. 18, 2021",Run,355,4.262572892,1761,6.883674342,0.034618826,8.716287571,1733.166927,160,4566,b'',Map My Fitness MapMyFitness iPhone,http://www.mapmyfitness.com/workout/5366919244
"Jan. 11, 2021","Jan. 11, 2021",Run,231,3.008459393,993,5.503012408,0.479435099,10.90311248,125.1474175,168,2625,b'',Map My Fitness MapMyFitness iPhone,http://www.mapmyfitness.com/workout/5332524772
"Jan. 10, 2021","Jan. 10, 2021",Run,399,5.201946985,1733,5.552728317,0.090600269,10.80550577,662.2514934,185,4577,b'',Map My Fitness MapMyFitness iPhone,http://www.mapmyfitness.com/workout/5327587984
"Jan. 6, 2021","Jan. 6, 2021",Run,327,4.135981893,1504,6.057381144,0.120254588,9.905270918,498.9400923,169,3940,b'',Map My Fitness MapMyFitness iPhone,http://www.mapmyfitness.com/workout/5295761698
"Jan. 4, 2021","Jan. 4, 2021",Run,310,4.031535468,1308,5.406016364,0.512930113,11.09874434,116.9750077,172,3463,b'',Map My Fitness MapMyFitness iPhone,http://www.mapmyfitness.com/workout/5269877158
"Dec. 31, 2020","Dec. 31, 2020",Walk,54,0.915277385,619,11.27192198,2.34867126,5.32295356,25.54640479,0,1180,b'',Map My Fitness MapMyFitness iPhone,http://www.mapmyfitness.com/workout/5226865363
"Dec. 31, 2020","Dec. 31, 2020",Run,498,6.494910048,2169,5.565174382,0.508733993,10.78133342,117.9398094,0,5727,b'',Map My Fitness MapMyFitness iPhone,http://www.mapmyfitness.com/workout/5226831922
"Dec. 29, 2020","Dec. 29, 2020",Run,527,6.631108831,2436,6.121985107,0.575273528,9.800744026,104.298205,0,6377,b'',Map My Fitness MapMyFitness iPhone,http://www.mapmyfitness.com/workout/5220698434
"Dec. 25, 2020","Dec. 25, 2020",Run,712,8.730836041,3423,6.531853973,0.656565657,9.185765403,91.3849897,0,8912,b'',Map My Fitness MapMyFitness iPhone,http://www.mapmyfitness.com/workout/5194391014
"Dec. 23, 2020","Dec. 23, 2020",Run,637,7.667413713,3357,7.297942516,0.686055933,8.221478665,87.45642006,0,8665,b'',Map My Fitness MapMyFitness iPhone,http://www.mapmyfitness.com/workout/5185849354
"Dec. 18, 2020","Dec. 18, 2020",Run,382,4.919861169,1705,5.772706146,0.250414455,10.39373901,239.6023534,0,4486,b'',Map My Fitness MapMyFitness iPhone,http://www.mapmyfitness.com/workout/5153661064
"Dec. 15, 2020","Dec. 15, 2020",Run,295,3.709505733,1370,6.152817546,0.453431957,9.751626847,132.3241261,0,3585,b'',Map My Fitness MapMyFitness iPhone,http://www.mapmyfitness.com/workout/5133817315
"Dec. 13, 2020","Dec. 13, 2020",Run,471,6.128575073,2053,5.57996923,0.334411412,10.75275147,179.4193252,0,5419,b'',Map My Fitness MapMyFitness iPhone,http://www.mapmyfitness.com/workout/5120387317
"Dec. 11, 2020","Dec. 11, 2020",Run,387,5.016534463,1705,5.661238368,0.496185402,10.59838319,120.9225676,0,4494,b'',Map My Fitness MapMyFitness iPhone,http://www.mapmyfitness.com/workout/5108639260
"Dec. 4, 2020","Dec. 4, 2020",Run,316,4.017630735,1441,5.975969091,0.478582578,10.04021441,125.3701507,169,3780,b'',Map My Fitness MapMyFitness iPhone,http://www.mapmyfitness.com/workout/5067284185
"Dec. 2, 2020","Dec. 2, 2020",Run,278,3.586809347,1226,5.700453104,0.114006079,10.52547991,526.2892842,0,3230,b'',Map My Fitness MapMyFitness iPhone,http://www.mapmyfitness.com/workout/5058130948
"Dec. 2, 2020","Nov. 26, 2020",Run,458,5.745422454,2125,6.162989392,0.594377585,9.735533407,100.9459415,0,5559,b'',Map My Fitness MapMyFitness iPhone,http://www.mapmyfitness.com/workout/5058093970
"Nov. 16, 2020","Nov. 16, 2020",Run,235,3.054888968,1028,5.608341038,0.5327183,10.69835564,112.6299398,189,2712,b'',Map My Fitness MapMyFitness iPhone,http://www.mapmyfitness.com/workout/4958496763
"Nov. 16, 2020","Nov. 14, 2020",Bike Ride,837,35.40234931,9570,4.505307753,0.203129971,13.31762738,295.3773884,0,,b'',Map My Fitness MapMyFitness iPhone,http://www.mapmyfitness.com/workout/4958425651
"Nov. 9, 2020","Nov. 9, 2020",Run,375,4.850015639,1661,5.705691263,0.702845383,10.51582385,85.36700874,0,4375,b'',Map My Fitness MapMyFitness iPhone,http://www.mapmyfitness.com/workout/4864308310
"Nov. 6, 2020","Nov. 6, 2020",Run,248,3.169683475,1111,5.844114124,0.561008088,10.26674567,106.9504039,0,2920,b'',Map My Fitness MapMyFitness iPhone,http://www.mapmyfitness.com/workout/4836375589
"Nov. 6, 2020","Oct. 25, 2020",Hike,1678,9.46645109,10957,19.29009584,0.555543128,3.110411336,108.0024321,0,,b'',Map My Fitness MapMyFitness iPhone,http://www.mapmyfitness.com/workout/4836375931
"Oct. 24, 2020","Oct. 24, 2020",Hike,531,3.086593044,3466,18.71377406,10.8094354,3.206199491,5.550707923,0,,b'',Map My Fitness MapMyFitness iPhone,http://www.mapmyfitness.com/workout/4786957252
"Oct. 24, 2020","Oct. 24, 2020",Hike,1083,3.475635863,7072,33.90878519,3.860088334,1.769457635,15.54368809,0,,b'',Map My Fitness MapMyFitness iPhone,http://www.mapmyfitness.com/workout/4786659871
"Oct. 21, 2020","Oct. 21, 2020",Run,239,3.035721681,1092,5.994933339,0.7622174,10.00844596,78.7175212,0,2864,b'',Map My Fitness MapMyFitness iPhone,http://www.mapmyfitness.com/workout/4778199424
"Oct. 19, 2020","Oct. 19, 2020",Run,273,3.45864119,1244,5.988725841,0.659392895,10.01882623,90.99263163,0,3262,b'',Map My Fitness MapMyFitness iPhone,http://www.mapmyfitness.com/workout/4772514172
"Oct. 7, 2020","Oct. 7, 2020",Run,258,3.29003022,1162,5.879718693,0.584476035,10.20456062,102.6560304,0,3052,b'',Map My Fitness MapMyFitness iPhone,http://www.mapmyfitness.com/workout/4738751074
"Oct. 2, 2020","Oct. 2, 2020",Run,395,5.063301999,1769,5.820955619,0.166951876,10.30759082,359.3858273,0,4651,b'',Map My Fitness MapMyFitness iPhone,http://www.mapmyfitness.com/workout/4723183408
"Sept. 22, 2020","Sept. 22, 2020",Run,274,3.437478317,1268,6.148088911,0.69688022,9.75912639,86.09813372,162,3318,b'',Map My Fitness MapMyFitness iPhone,http://www.mapmyfitness.com/workout/4694573920
"Sept. 21, 2020","Sept. 21, 2020",Run,467,5.858366216,2168,6.164343981,0.710059503,9.733392979,84.49973326,0,5672,b'',Map My Fitness MapMyFitness iPhone,http://www.mapmyfitness.com/workout/4691284723
"Sept. 19, 2020","Sept. 19, 2020",Hike,491,2.473207672,3204,21.59252466,0.51598291,2.778741631,116.2829898,99,,b'',Map My Fitness MapMyFitness iPhone,http://www.mapmyfitness.com/workout/4686364660
"Sept. 15, 2020","Sept. 15, 2020",Run,401,5.018787544,1864,6.189024845,0.592875731,9.694591695,101.2016662,149,4875,b'',Map My Fitness MapMyFitness iPhone,http://www.mapmyfitness.com/workout/4674941299
"Sept. 12, 2020","Sept. 12, 2020",Bike Ride,1118,44.649479,12774,4.768290682,0.308196383,12.58312277,194.6807343,156,,b'',Map My Fitness MapMyFitness iPhone,http://www.mapmyfitness.com/workout/4667321974
"Aug. 25, 2020","Aug. 24, 2020",Run,474,6.039980686,2144,5.912520878,0.590775496,10.14795999,101.5613546,0,5629,b'',Map My Fitness MapMyFitness iPhone,http://www.mapmyfitness.com/workout/4617803512
"Aug. 12, 2020","Aug. 11, 2020",Run,347,4.482457563,1541,5.726190299,0.56956499,10.4781652,105.3434739,0,4058,b'',Map My Fitness MapMyFitness iPhone,http://www.mapmyfitness.com/workout/4581369400
"Aug. 11, 2020","Aug. 11, 2020",Walk,57,1.002376692,749,12.45358357,7.112214666,4.817877039,8.436181248,0,1367,b'',Map My Fitness MapMyFitness iPhone,http://www.mapmyfitness.com/workout/4578265552
"Aug. 11, 2020","Aug. 11, 2020",Run,363,4.707154172,1596,5.651781098,0.487852193,10.61611816,122.9879997,0,4208,b'',Map My Fitness MapMyFitness iPhone,http://www.mapmyfitness.com/workout/4578252463
"Aug. 9, 2020","Aug. 9, 2020",Bike Ride,582,29.25385056,6647,3.786890808,0.125283345,15.84413652,478.9150249,0,,b'',Map My Fitness MapMyFitness iPhone,http://www.mapmyfitness.com/workout/4572820603
"Aug. 6, 2020","Aug. 6, 2020",Walk,37,0.642519327,456,11.8150004,5.868279249,5.078284992,10.22446821,0,851,b'',Map My Fitness MapMyFitness iPhone,http://www.mapmyfitness.com/workout/4564177438
"Aug. 6, 2020","Aug. 6, 2020",Run,319,4.194030931,1297,5.152875954,0.679233278,11.64399008,88.33480001,0,3450,b'',Map My Fitness MapMyFitness iPhone,http://www.mapmyfitness.com/workout/4564169356
"July 23, 2020","July 23, 2020",Walk,41,0.65573526,636,16.17311153,7.669522489,3.709859789,7.823149932,0,1049,b'',Map My Fitness MapMyFitness iPhone,http://www.mapmyfitness.com/workout/4523385133
"July 23, 2020","July 23, 2020",Run,293,3.87454396,1185,5.095579317,0.587897926,11.77491022,102.058481,0,3156,b'',Map My Fitness MapMyFitness iPhone,http://www.mapmyfitness.com/workout/4523378329
"July 20, 2020","July 20, 2020",Run,399,5.216302333,1642,5.243465661,0.525672572,11.44280599,114.1395045,160,4360,b'',Map My Fitness MapMyFitness iPhone,http://www.mapmyfitness.com/workout/4513597162
"July 17, 2020","July 16, 2020",Run,347,4.596930202,1396,5.06022951,0.501647255,11.85716379,119.6059633,0,3720,b'',Map My Fitness MapMyFitness iPhone,http://www.mapmyfitness.com/workout/4505412901
"July 16, 2020","July 15, 2020",Run,337,4.577923849,1322,4.810562565,0.515592067,12.47256084,116.3710209,0,3542,b'',Map My Fitness MapMyFitness iPhone,http://www.mapmyfitness.com/workout/4502251198
"July 15, 2020","July 15, 2020",Run,372,5.013170934,1468,4.881846268,0.482382884,12.29043138,124.3826572,0,3927,b'',Map My Fitness MapMyFitness iPhone,http://www.mapmyfitness.com/workout/4499065261
"July 14, 2020","July 14, 2020",Run,438,5.788021789,1771,5.099680367,0.529257884,11.76544727,113.3662147,0,4716,b'',Map My Fitness MapMyFitness iPhone,http://www.mapmyfitness.com/workout/4495843279
"July 6, 2020","July 6, 2020",Run,325,4.230144611,1423,5.606961594,1.063396017,10.70097887,56.42311784,154,3755,b'',Map My Fitness MapMyFitness iPhone,http://www.mapmyfitness.com/workout/4473486046
"July 2, 2020","July 2, 2020",Walk,38,0.667765106,510,12.71884693,5.082530522,4.717421787,11.8051337,147,922,b'',Map My Fitness MapMyFitness iPhone,http://www.mapmyfitness.com/workout/4460728252
"July 2, 2020","July 2, 2020",Run,392,5.031436988,1757,5.817917114,0.736511274,10.31296603,81.46499328,161,4620,b'',Map My Fitness MapMyFitness iPhone,http://www.mapmyfitness.com/workout/4460719072
"June 29, 2020","June 29, 2020",Walk,30,0.516198697,374,12.05491182,8.4815925,4.977218189,7.074129047,131,692,b'',Map My Fitness MapMyFitness iPhone,http://www.mapmyfitness.com/workout/4451814586
"June 29, 2020","June 29, 2020",Run,357,4.64744751,1554,5.569505339,0.776664281,10.77294874,77.2536619,154,4103,b'',Map My Fitness MapMyFitness iPhone,http://www.mapmyfitness.com/workout/4451794075
"June 27, 2020","June 27, 2020",Run,384,4.858915311,1760,6.036254524,0.297501964,9.939936188,201.6797714,147,4613,b'',Map My Fitness MapMyFitness iPhone,http://www.mapmyfitness.com/workout/4445109763
"June 24, 2020","June 24, 2020",Walk,16,0.27378482,235,14.28712569,5.310946572,4.199583168,11.29741785,126,406,b'',Map My Fitness MapMyFitness iPhone,http://www.mapmyfitness.com/workout/4435019092
"June 24, 2020","June 24, 2020",Run,346,4.514950218,1491,5.505162352,0.543307087,10.89886381,110.4347946,159,3941,b'',Map My Fitness MapMyFitness iPhone,http://www.mapmyfitness.com/workout/4435014976
"June 21, 2020","June 21, 2020",Walk,266,4.605862061,3741,13.53023344,0.654670474,4.434515205,91.64892211,0,6599,b'',Map My Fitness MapMyFitness iPhone,http://www.mapmyfitness.com/workout/4426666606
"June 21, 2020","June 21, 2020",Run,310,5.17610092,3338,10.74611767,0.529324371,5.583409793,113.3520525,0,8413,b'',Map My Fitness MapMyFitness iPhone,http://www.mapmyfitness.com/workout/4426402648
"June 19, 2020","June 19, 2020",Run,388,5.003160814,1725,5.745260181,0.619979321,10.44338727,96.77741864,160,4541,b'',Map My Fitness MapMyFitness iPhone,http://www.mapmyfitness.com/workout/4420381081
"June 16, 2020","June 16, 2020",Walk,31,0.533587659,374,11.62703561,8.646193729,5.160377629,6.939475235,127,702,b'',Map My Fitness MapMyFitness iPhone,http://www.mapmyfitness.com/workout/4408090486
"June 16, 2020","June 16, 2020",Run,326,4.252546679,1396,5.465177116,1.028151843,10.97860681,58.35706652,165,3692,b'',Map My Fitness MapMyFitness iPhone,http://www.mapmyfitness.com/workout/4408083346
"June 16, 2020","June 13, 2020",Bike Ride,2079,68.73492131,13857,3.359934234,0.086392965,17.85744196,694.4995284,0,,b'',Map My Fitness MapMyFitness iPhone,http://www.mapmyfitness.com/workout/4408083475
"June 11, 2020","June 11, 2020",Walk,33,0.56513563,468,13.79829297,4.203358636,4.348367021,14.27430192,172,819,b'',Map My Fitness MapMyFitness iPhone,http://www.mapmyfitness.com/workout/4391135203
"June 11, 2020","June 11, 2020",Run,354,4.576394972,1568,5.70585282,0.171864437,10.51551807,349.1117752,165,4130,b'',Map My Fitness MapMyFitness iPhone,http://www.mapmyfitness.com/workout/4391118508
"June 10, 2020","June 10, 2020",Run,434,5.656763693,1858,5.473006393,0.549531983,10.96289961,109.1838515,176,4913,b'',Map My Fitness MapMyFitness iPhone,http://www.mapmyfitness.com/workout/4387265350
"May 28, 2020","May 27, 2020",Run,480,6.00790646,2237,6.205578173,0.591262651,9.668713444,101.4778297,183,5849,b'',Map My Fitness MapMyFitness iPhone,http://www.mapmyfitness.com/workout/4340053930
"May 27, 2020","May 27, 2020",Run,231,3.0104067,997,5.522330838,1.187483844,10.86498712,50.52712516,156,2634,b'',Map My Fitness MapMyFitness iPhone,http://www.mapmyfitness.com/workout/4335868522
"May 27, 2020","May 26, 2020",Bike Ride,68,2.879148603,777,4.499255597,2.793144287,13.33553937,21.48120184,107,,b'',Map My Fitness MapMyFitness iPhone,http://www.mapmyfitness.com/workout/4335850321
"May 25, 2020","May 25, 2020",Run,445,5.798305498,1940,5.575110107,0.535783524,10.76211785,111.9855585,161,5121,b'',Map My Fitness MapMyFitness iPhone,http://www.mapmyfitness.com/workout/4329373126
"May 24, 2020","May 24, 2020",Bike Ride,1882,72.85822157,15430,3.527536686,0.106638481,17.0089958,562.6491932,124,,b'',Map My Fitness MapMyFitness iPhone,http://www.mapmyfitness.com/workout/4325170693
"May 22, 2020","May 22, 2020",Run,352,4.554588361,1553,5.680563012,0.673125199,10.56233389,89.13625332,166,4092,b'',Map My Fitness MapMyFitness iPhone,http://www.mapmyfitness.com/workout/4317139711
"May 20, 2020","May 20, 2020",Run,515,6.327860141,2471,6.507371948,4.083210302,9.220334112,14.69432461,150,6435,b'',Map My Fitness MapMyFitness iPhone,http://www.mapmyfitness.com/workout/4311324313
"May 19, 2020","May 19, 2020",Walk,51,0.891095382,676,12.63110932,1.643943122,4.750171937,36.49766884,115,1226,b'',Map My Fitness MapMyFitness iPhone,http://www.mapmyfitness.com/workout/4304790433
"May 19, 2020","May 18, 2020",Run,409,5.339819485,1782,5.561725771,0.609743473,10.78802829,98.4020514,169,4705,b'',Map My Fitness MapMyFitness iPhone,http://www.mapmyfitness.com/workout/4304779159
"May 17, 2020","May 17, 2020",Hike,1312,9.536328806,8570,14.97771763,0.497503952,4.005946898,120.6019863,163,,b'',Map My Fitness MapMyFitness iPhone,http://www.mapmyfitness.com/workout/4297527334
"May 16, 2020","May 16, 2020",Run,461,5.783032823,2138,6.160143512,0.662189066,9.740023476,90.60880308,159,5594,b'',Map My Fitness MapMyFitness iPhone,http://www.mapmyfitness.com/workout/4293612865
"May 12, 2020","May 12, 2020",Run,547,6.701437164,2629,6.537446314,0.527680223,9.177927898,113.7051426,0,6844,b'',Map My Fitness MapMyFitness iPhone,http://www.mapmyfitness.com/workout/4276775926
"May 9, 2020","May 9, 2020",Bike Ride,1549,68.30989356,17701,4.316914221,0.111936913,13.89880977,536.0161594,117,,b'',Map My Fitness MapMyFitness iPhone,http://www.mapmyfitness.com/workout/4267068403
"May 7, 2020","May 7, 2020",Run,384,4.800689245,1797,6.238442496,0.485284066,9.617777706,123.6389793,159,4696,b'',Map My Fitness MapMyFitness iPhone,http://www.mapmyfitness.com/workout/4258003222
"May 5, 2020","May 5, 2020",Run,377,4.827275608,1688,5.826299411,0.498727432,10.29812788,120.3061889,150,4438,b'',Map My Fitness MapMyFitness iPhone,http://www.mapmyfitness.com/workout/4251170308
"May 3, 2020","May 3, 2020",Bike Ride,1174,56.50905681,13421,3.958047503,0.118022623,15.15897441,508.3772855,118,,b'',Map My Fitness MapMyFitness iPhone,http://www.mapmyfitness.com/workout/4241946346
"April 29, 2020","April 29, 2020",Hike,672,4.627411177,4386,15.79469647,1.151400819,3.798743858,52.11055872,0,,b'',Map My Fitness MapMyFitness iPhone,http://www.mapmyfitness.com/workout/4227311017
"April 29, 2020","April 29, 2020",Run,444,5.68959431,1997,5.847581375,0.619709024,10.26064626,96.81974438,158,5249,b'',Map My Fitness MapMyFitness iPhone,http://www.mapmyfitness.com/workout/4226184688
"April 27, 2020","April 27, 2020",Run,426,5.328731105,1985,6.20721238,0.602526247,9.66617068,99.58073495,156,5190,b'',Map My Fitness MapMyFitness iPhone,http://www.mapmyfitness.com/workout/4216894297
"April 26, 2020","April 26, 2020",Bike Ride,543,19.81585267,4137,3.478535354,0.185630915,17.24862712,323.2222583,113,,b'',Map My Fitness MapMyFitness iPhone,http://www.mapmyfitness.com/workout/4213527943
"April 25, 2020","April 25, 2020",Hike,1744,9.677532649,11387,19.61153116,0.663127336,3.059427318,90.48053837,106,,b'',Map My Fitness MapMyFitness iPhone,http://www.mapmyfitness.com/workout/4210976749
"April 23, 2020","April 23, 2020",Walk,33,0.575139312,466,13.48344419,7.085185019,4.449900534,8.468400315,116,823,b'',Map My Fitness MapMyFitness iPhone,http://www.mapmyfitness.com/workout/4201998715
"April 23, 2020","April 23, 2020",Run,462,5.754821023,2164,6.265161457,0.5515968,9.576739434,108.7750782,148,5653,b'',Map My Fitness MapMyFitness iPhone,http://www.mapmyfitness.com/workout/4201981849
"April 19, 2020","April 19, 2020",Bike Ride,2144,70.91493869,14149,3.325087738,0.400643989,18.04460867,149.7589543,119,,b'',Map My Fitness MapMyFitness iPhone,http://www.mapmyfitness.com/workout/4186084252
"April 17, 2020","April 17, 2020",Run,299,3.804392655,1357,5.941402211,0.601901147,10.09861751,99.68421577,160,3561,b'',Map My Fitness MapMyFitness iPhone,http://www.mapmyfitness.com/workout/4178377012
"April 15, 2020","April 15, 2020",Run,400,5.138265243,1792,5.811635051,0.522409752,10.32411879,114.8524439,0,4713,b'',Map My Fitness MapMyFitness iPhone,http://www.mapmyfitness.com/workout/4170744049
"April 13, 2020","April 13, 2020",Bike Ride,580,20.67202368,6626,5.341555317,0.22603247,11.23269004,265.448418,0,,b'',Map My Fitness MapMyFitness iPhone,http://www.mapmyfitness.com/workout/4163971288
"April 12, 2020","April 12, 2020",Bike Ride,151,7.535705,1731,3.827205371,0.325462424,15.67724755,184.3535739,0,,b'',Map My Fitness MapMyFitness iPhone,http://www.mapmyfitness.com/workout/4161992905
"April 11, 2020","April 11, 2020",Run,341,4.293890726,1573,6.105643045,0.312425435,9.826976333,192.0462382,0,4119,b'',Map My Fitness MapMyFitness iPhone,http://www.mapmyfitness.com/workout/4158243310
"April 9, 2020","April 9, 2020",Run,351,4.551273112,1546,5.66115759,0.638576961,10.59854413,93.95865262,166,4075,b'',Map My Fitness MapMyFitness iPhone,http://www.mapmyfitness.com/workout/4150446883
"April 9, 2020","April 7, 2020",Run,386,5.005140307,1696,5.646524298,0.48737498,10.62601563,123.1085396,166,4472,b'',Map My Fitness MapMyFitness iPhone,http://www.mapmyfitness.com/workout/4150446919
"April 5, 2020","April 5, 2020",Run,479,6.208398536,2111,5.667321592,0.279562356,10.58700513,214.6205065,158,5564,b'',Map My Fitness MapMyFitness iPhone,http://www.mapmyfitness.com/workout/4136086849
"April 4, 2020","April 4, 2020",Hike,1594,12.90024401,10412,13.45051151,0.503207518,4.460795793,119.2351704,0,,b'',Map My Fitness MapMyFitness iPhone,http://www.mapmyfitness.com/workout/4132934686
"April 3, 2020","April 3, 2020",Run,638,7.658626694,3166,6.888272489,0.270498414,8.710429559,221.8126648,153,8208,b'',Map My Fitness MapMyFitness iPhone,http://www.mapmyfitness.com/workout/4129919140
"March 31, 2020","March 31, 2020",Run,387,5.021282028,1705,5.658703173,0.457231021,10.60314685,131.2246223,160,4495,b'',Map My Fitness MapMyFitness iPhone,http://www.mapmyfitness.com/workout/4119892942
"March 28, 2020","March 28, 2020",Hike,1954,13.21102443,12758,16.09525372,0.479234396,3.727803974,125.1995602,0,,b'',Map My Fitness MapMyFitness iPhone,http://www.mapmyfitness.com/workout/4112572672
"March 24, 2020","March 24, 2020",Run,662,8.466324261,2979,5.864669083,0.212822119,10.23076074,281.9248819,149,7828,b'',Map My Fitness MapMyFitness iPhone,http://www.mapmyfitness.com/workout/4099797043
"March 22, 2020","March 22, 2020",Run,695,8.328902377,3462,6.926797503,0.538103103,8.661988305,111.5027553,0,8972,b'',Map My Fitness MapMyFitness iPhone,http://www.mapmyfitness.com/workout/4095767734
"March 19, 2020","March 19, 2020",Run,540,6.430713316,2708,7.017828382,0.788843156,8.54964,76.06081613,142,7011,b'',Map My Fitness MapMyFitness iPhone,http://www.mapmyfitness.com/workout/4089463309
"March 17, 2020","March 17, 2020",Run,510,6.173974668,2498,6.744425058,0.708841615,8.89621223,84.64489609,140,6487,b'',Map My Fitness MapMyFitness iPhone,http://www.mapmyfitness.com/workout/4084658743
"March 16, 2020","March 16, 2020",Run,345,4.499902852,1495,5.533534161,0.57173544,10.84297129,104.9437129,162,3949,b'',Map My Fitness MapMyFitness iPhone,http://www.mapmyfitness.com/workout/4083371986
"March 13, 2020","March 13, 2020",Run,568,7.002770734,2711,6.451075718,0.266438996,9.300785219,225.1922872,140,7065,b'',Map My Fitness MapMyFitness iPhone,http://www.mapmyfitness.com/workout/4078397092
"March 12, 2020","March 12, 2020",Run,441,5.720622463,1942,5.65432872,0.604013188,10.61133841,99.33563186,158,5120,b'',Map My Fitness MapMyFitness iPhone,http://www.mapmyfitness.com/workout/4076488891
"March 9, 2020","March 9, 2020",Walk,41,0.70955816,552,12.75401654,2.886151127,4.704402194,20.78886205,123,991,b'',Map My Fitness MapMyFitness iPhone,http://www.mapmyfitness.com/workout/4071467668
"March 9, 2020","March 9, 2020",Run,493,6.317125816,2206,5.818911308,0.403090327,10.31119576,148.8499968,157,5801,b'',Map My Fitness MapMyFitness iPhone,http://www.mapmyfitness.com/workout/4071450313
"March 8, 2020","March 8, 2020",Walk,38,0.6491112,576,14.77763611,1.419870457,4.060181791,42.25751101,119,982,b'',Map My Fitness MapMyFitness iPhone,http://www.mapmyfitness.com/workout/4069013971
"March 8, 2020","March 8, 2020",Run,433,5.406591168,2023,6.233782212,0.085897732,9.624971474,698.5051857,157,5287,b'',Map My Fitness MapMyFitness iPhone,http://www.mapmyfitness.com/workout/4069002289
"March 4, 2020","March 4, 2020",Bike Ride,350,11.22338803,4001,5.939643731,0.205149427,10.10161089,292.4693038,0,,b'',Map My Fitness MapMyFitness iPhone,http://www.mapmyfitness.com/workout/4062890686
"Feb. 21, 2020","Feb. 21, 2020",Run,567,7.006665347,2690,6.398072755,0.703733944,9.377792329,85.25950456,147,7015,b'With Klaudia!',Map My Fitness MapMyFitness iPhone,http://www.mapmyfitness.com/workout/4042248700
"Feb. 20, 2020","Feb. 20, 2020",Run,515,6.382626117,2434,6.356565159,0.478709337,9.439027868,125.3369982,153,6351,b'',Map My Fitness MapMyFitness iPhone,http://www.mapmyfitness.com/workout/4040510917
"Feb. 15, 2020","Feb. 15, 2020",Walk,616,10.3123062,9546,15.42653404,1.941530214,3.889398205,30.90342816,,16012,b'',Under Armour Record iPhone,http://www.mapmyfitness.com/workout/4032188191
"Dec. 23, 2019","Dec. 23, 2019",Run,522,9.010379094,6325,11.69762338,3.538255339,5.129252916,16.95749679,,15876,b'',Under Armour Record iPhone,http://www.mapmyfitness.com/workout/3948116281
"Dec. 22, 2019","Dec. 22, 2019",Run,524,6.454837382,2537,6.550619383,2.977766096,9.159404348,20.14930875,,6604,b'',Under Armour Record iPhone,http://www.mapmyfitness.com/workout/3946938748
"Dec. 6, 2019","Dec. 6, 2019",Walk,86,0.701158994,527,12.52690537,2.47455485,4.789697426,24.24669857,120,960,b'',Under Armour Record iPhone,http://www.mapmyfitness.com/workout/3928494235
"Dec. 6, 2019","Dec. 6, 2019",Run,420,5.611589407,1744,5.173822377,3.053573381,11.5968524,19.64912463,151,4637,b'',Under Armour Record iPhone,http://www.mapmyfitness.com/workout/3928484017
"Dec. 2, 2019","Dec. 2, 2019",Run,571,6.651418752,2274,5.695531844,3.797217997,10.5345727,15.80103829,155,5991,b'',Under Armour Record iPhone,http://www.mapmyfitness.com/workout/3922643788
"Nov. 28, 2019","Nov. 28, 2019",Walk,65,0.652104579,382,9.763232721,2.301353844,6.145489279,26.07169467,123,778,b'',Under Armour Record iPhone,http://www.mapmyfitness.com/workout/3917509717
"Nov. 28, 2019","Nov. 28, 2019",Run,546,6.449800136,2112,5.45495556,2.685864551,10.99917422,22.33914313,158,5587,b'',Under Armour Record iPhone,http://www.mapmyfitness.com/workout/3917505502
"Nov. 23, 2019","Nov. 23, 2019",Walk,548,9.604050002,7197,12.48775899,2.551188559,4.804696512,23.51847041,,13120,b'',Under Armour Record iPhone,http://www.mapmyfitness.com/workout/3910610182
"Nov. 22, 2019","Nov. 22, 2019",Walk,75,0.691610756,432,10.36229669,1.484685686,5.790226591,40.41255905,124,854,b'',Under Armour Record iPhone,http://www.mapmyfitness.com/workout/3908983033
"Nov. 22, 2019","Nov. 22, 2019",Run,474,5.599889476,1765,5.253072059,2.737146316,11.42188452,21.92055276,162,4686,b'',Under Armour Record iPhone,http://www.mapmyfitness.com/workout/3908979673
"Nov. 18, 2019","Nov. 18, 2019",Walk,73,0.641754888,435,11.19325638,1.621511622,5.360370808,37.00252005,122,828,b'',Under Armour Record iPhone,http://www.mapmyfitness.com/workout/3902683927
"Nov. 18, 2019","Nov. 18, 2019",Run,554,6.368560451,2296,6.006068311,2.337759982,9.989890226,25.66565718,151,6020,b'',Under Armour Record iPhone,http://www.mapmyfitness.com/workout/3902680171
"Nov. 14, 2019","Nov. 14, 2019",Run,566,6.57211028,2347,5.951922025,3.951684662,10.08078598,15.18338815,151,6159,b'',Under Armour Record iPhone,http://www.mapmyfitness.com/workout/3897117106
"Nov. 12, 2019","Nov. 12, 2019",Run,563,6.379890232,2175,5.668856379,2.271559095,10.5841405,26.41351933,158,5732,b'',Under Armour Record iPhone,http://www.mapmyfitness.com/workout/3894253318
"Nov. 7, 2019","Nov. 6, 2019",Run,636,7.078265061,2638,6.209151058,3.109447079,9.663145114,19.29603456,151,6897,b'',Under Armour Record iPhone,http://www.mapmyfitness.com/workout/3886666339
"Nov. 5, 2019","Nov. 5, 2019",Run,402,5.004866719,1635,5.441366172,2.497794132,11.02664572,24.02122948,153,4326,b'',Under Armour Record iPhone,http://www.mapmyfitness.com/workout/3883176487
"Nov. 4, 2019","Nov. 4, 2019",Walk,68,0.550865576,321,9.711969598,5.255470552,6.177933654,11.41667024,139,655,b'',Under Armour Record iPhone,http://www.mapmyfitness.com/workout/3881380366
"Nov. 4, 2019","Nov. 4, 2019",Run,589,6.373195361,2276,5.946777072,3.874062972,10.08949253,15.48760245,158,5973,b'',Under Armour Record iPhone,http://www.mapmyfitness.com/workout/3881377204
"Oct. 31, 2019","Oct. 31, 2019",Run,553,6.439419867,2203,5.699278712,2.315514893,10.52765252,25.91220868,155,5804,b'',Under Armour Record iPhone,http://www.mapmyfitness.com/workout/3875585962
"Oct. 25, 2019","Oct. 25, 2019",Run,556,6.456768595,2331,6.014357403,3.773593464,9.976130335,15.89996466,150,6111,b'',Under Armour Record iPhone,http://www.mapmyfitness.com/workout/3866081731
"Oct. 20, 2019","Oct. 20, 2019",Run,1134,10.34804973,4606,7.416872962,3.617567158,8.089689485,16.58573833,153,11875,b'',Under Armour Record iPhone,http://www.mapmyfitness.com/workout/3857665663
"Oct. 9, 2019","Oct. 9, 2019",Walk,1217,17.3210476,20801,20.01523602,5.100817476,2.997708975,11.76282404,,31940,b'',Under Armour Record iPhone,http://www.mapmyfitness.com/workout/3839292766
"Oct. 2, 2019","Oct. 2, 2019",Run,424,4.80492182,1657,5.747577895,3.905100463,10.43918688,15.36450373,157,4362,b'',Under Armour Record iPhone,http://www.mapmyfitness.com/workout/3825471796
"Oct. 1, 2019","Oct. 1, 2019",Walk,64,0.505795898,311,10.21490744,7.135826772,5.873767638,8.40830741,137,619,b'',Under Armour Record iPhone,http://www.mapmyfitness.com/workout/3823414375
"Oct. 1, 2019","Oct. 1, 2019",Run,585,6.4344309,2137,5.532732592,3.147897528,10.84454845,19.0604266,164,5645,b'',Under Armour Record iPhone,http://www.mapmyfitness.com/workout/3823410943
"Sept. 25, 2019","Sept. 25, 2019",Run,407,4.800528311,1559,5.412590472,3.381439891,11.08525803,17.74398321,159,4127,b'',Under Armour Record iPhone,http://www.mapmyfitness.com/workout/3812219131
"Sept. 21, 2019","Sept. 21, 2019",Run,528,3.402555552,2002,9.801447049,2.295326543,6.121526147,26.14009179,160,5071,b'P',Under Armour Record iPhone,http://www.mapmyfitness.com/workout/3804325363
"Sept. 20, 2019","Sept. 20, 2019",Walk,45,0.365725033,219,9.980153404,6.459402092,6.011913727,9.288779512,136,441,b'',Under Armour Record iPhone,http://www.mapmyfitness.com/workout/3802595095
"Sept. 20, 2019","Sept. 19, 2019",Run,564,6.507656052,2138,5.473037461,3.083399199,10.96283523,19.45906111,160,5654,b'',Under Armour Record iPhone,http://www.mapmyfitness.com/workout/3802593082
"Sept. 18, 2019","Sept. 18, 2019",Walk,234,1.006657547,1241,20.54657053,1.81252734,2.920202968,33.1029186,130,1890,b'',Under Armour Record iPhone,http://www.mapmyfitness.com/workout/3798507784
"Sept. 18, 2019","Sept. 17, 2019",Run,568,6.385426376,2216,5.784008888,3.383353714,10.37342909,17.73384434,157,5830,b'',Under Armour Record iPhone,http://www.mapmyfitness.com/workout/3798492769
"Sept. 16, 2019","Sept. 16, 2019",Walk,42,0.377148157,207,9.103398652,2.39621237,6.590939604,25.03946143,136,435,b'',Under Armour Record iPhone,http://www.mapmyfitness.com/workout/3794196874
"Sept. 16, 2019","Sept. 16, 2019",Run,402,4.735800495,1602,5.63790588,3.387560397,10.64225391,17.71179633,155,4225,b'',Under Armour Record iPhone,http://www.mapmyfitness.com/workout/3794190199
"Sept. 15, 2019","Sept. 15, 2019",Walk,461,3.445476756,3603,17.42380746,6.576716973,3.443561637,9.123097548,106,5788,b'',Under Armour Record iPhone,http://www.mapmyfitness.com/workout/3793083778
"Sept. 11, 2019","Sept. 11, 2019",Walk,67,0.596863847,358,9.968782311,3.147798109,6.018785626,19.0609094,129,721,b'',Under Armour Record iPhone,http://www.mapmyfitness.com/workout/3784831903
"Sept. 11, 2019","Sept. 11, 2019",Run,403,5.03425334,1573,5.207662252,1.03330301,11.52148682,58.06625806,157,4180,b'',Under Armour Record iPhone,http://www.mapmyfitness.com/workout/3784828003
"Sept. 9, 2019","Sept. 9, 2019",Walk,97,0.688905449,534,12.91905273,1.697604738,4.644309289,35.34393012,127,960,b'',Under Armour Record iPhone,http://www.mapmyfitness.com/workout/3780572110
"Sept. 9, 2019","Sept. 9, 2019",Run,571,6.495183636,2084,5.3449915,3.211184184,11.22546408,18.68464477,164,5524,b'',Under Armour Record iPhone,http://www.mapmyfitness.com/workout/3780567217
"Sept. 7, 2019","Sept. 7, 2019",Run,769,9.624730072,3000,5.193221586,2.81184756,11.55351276,21.3382921,157,7974,b'',Under Armour Record iPhone,http://www.mapmyfitness.com/workout/3776858452
"Sept. 3, 2019","Sept. 3, 2019",Walk,106,0.555201149,718,21.55375109,1.717948431,2.783746691,34.92533975,114,1078,b'',Under Armour Record iPhone,http://www.mapmyfitness.com/workout/3768481858
"Sept. 3, 2019","Sept. 3, 2019",Run,260,3.334448114,1068,5.338224767,2.624671916,11.23969068,22.86008778,152,2831,b'',Under Armour Record iPhone,http://www.mapmyfitness.com/workout/3768473395
"Aug. 31, 2019","Aug. 31, 2019",Walk,101,0.99205275,569,9.559298696,1.664156327,6.276602534,36.05429457,126,1171,b'',Under Armour Record iPhone,http://www.mapmyfitness.com/workout/3762974068
"Aug. 31, 2019","Aug. 31, 2019",Run,549,6.497517185,2186,5.607266066,3.316096496,10.70039951,18.09353272,155,5768,b'',Under Armour Record iPhone,http://www.mapmyfitness.com/workout/3762965668
"Aug. 25, 2019","Aug. 25, 2019",Run,508,6.065858938,2062,5.662847719,3.916689036,10.59537372,15.31907195,153,5435,b'',Under Armour Record iPhone,http://www.mapmyfitness.com/workout/3750802102
"Aug. 22, 2019","Aug. 22, 2019",Run,395,5.169744012,1710,5.509623797,3.527101726,10.89002851,17.01108795,,4519,b'',Under Armour Record iPhone,http://www.mapmyfitness.com/workout/3745967332
"Aug. 10, 2019","Aug. 10, 2019",Walk,484,8.490464421,6366,12.49639605,1.64899487,4.801381263,36.38581943,,11603,b'',Under Armour Record iPhone,http://www.mapmyfitness.com/workout/3721410457
"Aug. 9, 2019","Aug. 9, 2019",Run,445,5.006234661,1703,5.666277688,3.792004693,10.58896853,15.82278053,159,4489,b'',Under Armour Record iPhone,http://www.mapmyfitness.com/workout/3719259898
"Aug. 7, 2019","Aug. 7, 2019",Run,491,6.146342231,2016,5.466668407,2.986831902,10.97561343,20.08815368,152,5332,b'',Under Armour Record iPhone,http://www.mapmyfitness.com/workout/3715008709
"Aug. 6, 2019","Aug. 6, 2019",Walk,72,0.750058911,389,8.621525292,2.466986549,6.959302353,24.3212112,129,842,b'',Under Armour Record iPhone,http://www.mapmyfitness.com/workout/3711969442
"Aug. 6, 2019","Aug. 6, 2019",Run,533,6.445680215,2080,5.375699664,3.403716048,11.16133172,17.62778857,157,5510,b'',Under Armour Record iPhone,http://www.mapmyfitness.com/workout/3711957994
"Aug. 5, 2019","Aug. 5, 2019",Walk,32,0.522980473,303,9.656170464,4.228089209,6.213628904,14.19080915,,620,b'',Under Armour Record iPhone,http://www.mapmyfitness.com/workout/3709515928
"Aug. 5, 2019","Aug. 5, 2019",Walk,576,6.704478824,2143,5.327288634,3.275875139,11.26276868,18.31578313,162,6110,b'',Under Armour Record iPhone,http://www.mapmyfitness.com/workout/3709511995
"July 25, 2019","July 25, 2019",Walk,270,4.872192399,3853,13.18021504,5.221276495,4.552270906,11.49144036,83,6870,b'',Under Armour Record iPhone,http://www.mapmyfitness.com/workout/3687516022
"July 25, 2019","July 25, 2019",Walk,640,5.682899439,4809,14.10077647,6.490035692,4.255089443,9.244940982,108,8346,b'',Under Armour Record iPhone,http://www.mapmyfitness.com/workout/3687417334
"July 23, 2019","July 23, 2019",Walk,67,1.15310946,814,11.7652907,5.438309025,5.099753641,11.0328417,,1522,b'',Under Armour Record iPhone,http://www.mapmyfitness.com/workout/3683092408
"July 23, 2019","July 23, 2019",Run,738,9.681684756,3231,5.562048885,3.489651684,10.78740065,17.19374849,,8531,b'',Under Armour Record iPhone,http://www.mapmyfitness.com/workout/3683067178
"July 15, 2019","July 15, 2019",Walk,35,0.613444918,471,12.79658047,1.50352566,4.688743277,39.90625943,,850,b'',Under Armour Record iPhone,http://www.mapmyfitness.com/workout/3667935796
"July 15, 2019","July 15, 2019",Run,553,6.72354955,2394,5.934362075,3.583298537,10.11060712,16.74441965,147,6284,b'',Under Armour Record iPhone,http://www.mapmyfitness.com/workout/3667919590
"July 13, 2019","July 13, 2019",Walk,70,0.886383223,1371,25.76012338,7.808150402,2.329187478,7.684295731,,1959,b'',Under Armour Record iPhone,http://www.mapmyfitness.com/workout/3663146467
"July 13, 2019","July 13, 2019",Run,505,6.6998761,2063,5.131941959,4.055261026,11.69148182,14.79560062,,5490,b'',Under Armour Record iPhone,http://www.mapmyfitness.com/workout/3663133723
"July 11, 2019","July 11, 2019",Run,553,6.392153434,2098,5.470241291,3.222014684,10.96843575,18.62188036,160,5548,b'',Under Armour Record iPhone,http://www.mapmyfitness.com/workout/3659235970
"July 11, 2019","July 9, 2019",Run,578,6.409888404,2171,5.644927374,3.393202448,10.62900901,17.68234533,161,5725,b'',Under Armour Record iPhone,http://www.mapmyfitness.com/workout/3659212237
"July 4, 2019","July 4, 2019",Walk,79,0.656634883,436,11.04114471,1.341888372,5.434223604,44.71320902,127,838,b'',Under Armour Record iPhone,http://www.mapmyfitness.com/workout/3644805205
"July 4, 2019","July 4, 2019",Run,554,6.347059615,2163,5.679792512,2.577988298,10.5637662,23.27401106,157,5700,b'',Under Armour Record iPhone,http://www.mapmyfitness.com/workout/3644773552
"July 3, 2019","July 3, 2019",Run,389,5.000022593,1629,5.423309125,2.960566541,11.06335486,20.26646899,150,4311,b'',Under Armour Record iPhone,http://www.mapmyfitness.com/workout/3642877999
"July 2, 2019","July 2, 2019",Walk,70,0.573594342,394,11.41918695,7.567928299,5.254298945,7.928224001,126,746,b'',Under Armour Record iPhone,http://www.mapmyfitness.com/workout/3640717834
"July 2, 2019","July 2, 2019",Run,599,7.203166249,2565,5.932572526,0.830698719,10.11364878,72.22832433,148,6733,b'',Under Armour Record iPhone,http://www.mapmyfitness.com/workout/3640705918
"June 30, 2019","June 30, 2019",Walk,422,7.011300257,6578,15.63668178,1.545437147,3.837126712,38.82397559,,10979,b'',Under Armour Record iPhone,http://www.mapmyfitness.com/workout/3636812038
"June 25, 2019","June 25, 2019",Walk,66,0.551483565,361,10.90997326,6.915364273,5.499562971,8.67632756,128,698,b'',Under Armour Record iPhone,http://www.mapmyfitness.com/workout/3626332033
"June 25, 2019","June 25, 2019",Run,603,7.238732751,2611,6.009336724,3.472924372,9.984466737,17.27646877,147,6846,b'',Under Armour Record iPhone,http://www.mapmyfitness.com/workout/3626327188
"June 23, 2019","June 23, 2019",Walk,153,1.024511609,939,15.27554084,8.431572119,3.927845434,7.116116832,120,1581,b'',Under Armour Record iPhone,http://www.mapmyfitness.com/workout/3623327707
"June 23, 2019","June 23, 2019",Run,830,10.00302247,3304,5.505000795,3.89028076,10.89918568,15.42305166,155,8733,b'',Under Armour Record iPhone,http://www.mapmyfitness.com/workout/3623300392
"June 17, 2019","June 17, 2019",Walk,82,0.719243192,431,9.964184164,1.696915016,6.021569791,35.35825329,131,868,b'',Under Armour Record iPhone,http://www.mapmyfitness.com/workout/3610090702
"June 17, 2019","June 17, 2019",Run,532,6.048815985,2038,5.612671996,3.400950946,10.69009971,17.64211173,159,5376,b'',Under Armour Record iPhone,http://www.mapmyfitness.com/workout/3610086484
"June 13, 2019","June 13, 2019",Run,487,6.342907507,2157,5.667750338,3.043774358,10.58621655,19.71237185,,5685,b'',Under Armour Record iPhone,http://www.mapmyfitness.com/workout/3603742720
"May 18, 2019","May 18, 2019",Walk,202,1.045914275,4640,73.93820091,3.044787193,0.811485962,19.70577354,,5510,b'',Under Armour Record iPhone,http://www.mapmyfitness.com/workout/3550779787
"May 18, 2019","May 18, 2019",Run,515,6.715905166,2152,5.340548696,4.049600334,11.23479828,14.8162646,,5704,b'',Under Armour Record iPhone,http://www.mapmyfitness.com/workout/3550585135
"May 11, 2019","May 11, 2019",Bike Ride,704,35.39269325,8100,3.813876959,1.029400799,15.73201352,58.28625539,,,b'',Under Armour Record iPhone,http://www.mapmyfitness.com/workout/3537412498
"April 19, 2019","April 19, 2019",Walk,423,5.194544003,2762,8.861871669,3.392705351,6.770574582,17.68492028,116,5900,b'',Under Armour Record iPhone,http://www.mapmyfitness.com/workout/3494449951
"April 19, 2019","April 19, 2019",Run,883,5.627216137,3589,10.62992126,3.999735296,5.644452211,15.0010012,153,9051,b'',Under Armour Record iPhone,http://www.mapmyfitness.com/workout/3494353651
"April 7, 2019","April 7, 2019",Walk,67,0.460056732,380,13.76641663,6.731314126,4.358441514,8.913560959,125,666,b'',Under Armour Record iPhone,http://www.mapmyfitness.com/workout/3470914096
"April 7, 2019","April 7, 2019",Run,561,6.268330506,2070,5.503857472,3.252834695,10.90143876,18.44549626,163,5471,b'',Under Armour Record iPhone,http://www.mapmyfitness.com/workout/3470899033
"March 22, 2019","March 22, 2019",Walk,75,0.682844659,462,11.25191382,4.293202696,5.332416503,13.97557548,120,880,b'',Under Armour Record iPhone,http://www.mapmyfitness.com/workout/3440164630
"March 22, 2019","March 22, 2019",Run,637,7.598195827,2417,5.299507128,1.856706832,11.32179941,32.31530565,160,6412,b'',Under Armour Record iPhone,http://www.mapmyfitness.com/workout/3440157298
"March 16, 2019","March 16, 2019",Walk,561,10.41239131,7874,12.60358258,2.615046876,4.760552206,22.94409554,,14300,b'',Under Armour Record iPhone,http://www.mapmyfitness.com/workout/3429285367
"Feb. 16, 2019","Feb. 16, 2019",Run,694,8.210148883,2566,5.206966317,3.306707578,11.52301569,18.1448708,163,6819,b'',Under Armour Record iPhone,http://www.mapmyfitness.com/workout/3383602411
"Dec. 31, 2018","Dec. 31, 2018",Run,590,7.338624733,2244,5.094056957,2.1957021,11.77843468,27.32617832,,5976,b'',Under Armour Record iPhone,http://www.mapmyfitness.com/workout/3307403392
"Dec. 24, 2018","Dec. 24, 2018",Walk,23,0.440667355,324,12.25412342,9.008950231,4.896300372,6.660044836,,595,b'',Under Armour Record iPhone,http://www.mapmyfitness.com/workout/3299354689
"Dec. 24, 2018","Dec. 24, 2018",Run,685,8.567857774,2692,5.236624364,2.858090004,11.45777289,20.99308781,,7150,b'',Under Armour Record iPhone,http://www.mapmyfitness.com/workout/3299345905
"Dec. 23, 2018","Dec. 23, 2018",Run,605,7.561164822,2365,5.210837459,3.755952736,11.51445398,15.97465432,,6284,b'',Under Armour Record iPhone,http://www.mapmyfitness.com/workout/3297866947
"Dec. 15, 2018","Dec. 15, 2018",Run,765,8.208780941,2778,5.640304372,2.367250258,10.63773165,25.34588052,165,7326,b'',Under Armour Record iPhone,http://www.mapmyfitness.com/workout/3288497923
"Oct. 23, 2018","Oct. 23, 2018",Run,616,7.736502851,2561,5.517129961,1.890236022,10.87522255,31.74205732,,6767,b'',Under Armour Record iPhone,http://www.mapmyfitness.com/workout/3215149423
"Oct. 20, 2018","Oct. 20, 2018",Run,788,8.898513592,3025,5.663860554,1.689241082,10.59347469,35.51886582,159,7974,b'',Under Armour Record iPhone,http://www.mapmyfitness.com/workout/3210039349
"Oct. 7, 2018","Oct. 7, 2018",Bike Ride,2097,40.00169353,9635,4.013989551,1.058978068,14.94771582,56.65840393,142,,b'',Under Armour Record iPhone,http://www.mapmyfitness.com/workout/3187396483
"Sept. 30, 2018","Sept. 30, 2018",Walk,79,0.703600369,524,12.41232452,6.456046687,4.833906106,9.293575357,122,958,b'',Under Armour Record Android,http://www.mapmyfitness.com/workout/3175239868
"Sept. 30, 2018","Sept. 30, 2018",Run,440,5.605232498,1689,5.02209596,2.990417213,11.94720659,20.06417445,159,4505,b'',Under Armour Record Android,http://www.mapmyfitness.com/workout/3175218937
"Aug. 30, 2018","Aug. 30, 2018",Walk,94,0.552743681,510,15.37781854,9.779823332,3.90172578,6.135076823,129,856,b'',Under Armour Record Android,http://www.mapmyfitness.com/workout/3115194436
"Aug. 30, 2018","Aug. 30, 2018",Run,678,8.035808648,2632,5.458895053,3.847853535,10.99122406,15.59309495,158,6962,b'',Under Armour Record Android,http://www.mapmyfitness.com/workout/3115176424
"Aug. 26, 2018","Aug. 26, 2018",Run,819,10.00339262,3207,5.343183309,2.642325072,11.22926213,22.7072001,157,8501,b'',Under Armour Record Android,http://www.mapmyfitness.com/workout/3106100917
"July 10, 2018","July 10, 2018",Run,582,6.377267002,2074,5.420295474,2.709178398,11.06950255,22.14698746,167,5490,b'',Under Armour Record Android,http://www.mapmyfitness.com/workout/3007007161
"July 3, 2018","July 3, 2018",Walk,134,1.182356069,758,10.68485047,3.63888019,5.615419645,16.48853395,126,1480,b'',Under Armour Record Android,http://www.mapmyfitness.com/workout/2992261606
"July 3, 2018","July 3, 2018",Run,499,6.064877238,1733,4.76239387,2.149745486,12.59870122,27.91020925,170,4648,b'',Under Armour Record Android,http://www.mapmyfitness.com/workout/2992241836
"June 22, 2018","June 22, 2018",Walk,84,0.576436443,426,12.31706832,7.546615267,4.87130726,7.950609976,134,781,b'',Under Armour Record Android,http://www.mapmyfitness.com/workout/2969397934
"June 22, 2018","June 22, 2018",Run,577,6.593981265,2039,5.153696164,2.944435745,11.64212324,20.37735279,168,5424,b'',Under Armour Record Android,http://www.mapmyfitness.com/workout/2969393659
"June 14, 2018","June 14, 2018",Walk,105,0.865320129,582,11.20972272,5.384218663,5.352501116,11.14367722,127,1112,b'',Under Armour Record Android,http://www.mapmyfitness.com/workout/2952538045
"June 14, 2018","June 14, 2018",Run,714,8.010155704,2502,5.205891345,3.861995944,11.52541362,15.53601152,169,6649,b'',Under Armour Record Android,http://www.mapmyfitness.com/workout/2952525976
"June 3, 2018","June 3, 2018",Walk,147,8.169158892,7001,14.28339746,3.230974857,4.200677522,18.57022042,87,12091,b'',Under Armour Record Android,http://www.mapmyfitness.com/workout/2927727610
"May 31, 2018","May 31, 2018",Walk,107,0.750551371,491,10.90307604,6.143621252,5.50302306,9.766223597,142,950,b'',Under Armour Record Android,http://www.mapmyfitness.com/workout/2921503903
"May 31, 2018","May 31, 2018",Run,901,9.01284139,2972,5.495860425,1.839923596,10.91730689,32.60997654,176,7856,b'',Under Armour Record Android,http://www.mapmyfitness.com/workout/2921498536
"May 20, 2018","May 20, 2018",Run,720,8.002961937,2543,5.295952885,4.078773712,11.32941161,14.71030539,168,6747,b'',Under Armour Record Android,http://www.mapmyfitness.com/workout/2897509303
"April 16, 2018","April 16, 2018",Walk,160,1.342303941,1071,13.29802702,2.948412521,4.511940745,20.34999395,115,1903,b'',Under Armour Record Android,http://www.mapmyfitness.com/workout/2823510967
"April 16, 2018","April 16, 2018",Run,675,8.039848101,2385,4.944126302,3.459428189,12.13561249,17.34390029,146,6372,b'',Under Armour Record Android,http://www.mapmyfitness.com/workout/2823495481
"April 8, 2018","April 8, 2018",Walk,86,0.619962761,487,13.09216675,5.778702378,4.582880628,10.3829564,126,871,b'',Under Armour Record Android,http://www.mapmyfitness.com/workout/2808605182
"April 8, 2018","April 8, 2018",Run,803,9.005679809,2943,5.446567048,2.922880379,11.01612061,20.52766552,164,7786,b'',Under Armour Record Android,http://www.mapmyfitness.com/workout/2808587401
"April 2, 2018","April 2, 2018",Run,677,8.21167776,2576,5.228329058,2.056775929,11.47594238,29.17177402,160,6843,b'',Under Armour Record Android,http://www.mapmyfitness.com/workout/2796924245
"March 18, 2018","March 18, 2018",Run,457,11.2951004,3517,5.189567923,3.75902231,11.56165604,15.96160254,,9349,b'8',Under Armour Record Android,http://www.mapmyfitness.com/workout/2770194623
"March 9, 2018","March 9, 2018",Run,661,8.22983116,2519,5.101364283,4.210516832,11.76156876,14.25003301,,6708,b'',Under Armour Record Android,http://www.mapmyfitness.com/workout/2753722594
"March 5, 2018","March 5, 2018",Walk,400,2.714480525,3075,18.88017726,7.807715442,3.17793941,7.684730254,,4810,b'',Under Armour Record Android,http://www.mapmyfitness.com/workout/2745542857
"Jan. 27, 2018","Jan. 27, 2018",Run,871,9.668439855,3202,5.519671369,2.673058091,10.87021749,22.44616451,164,8461,b'',Under Armour Record Android,http://www.mapmyfitness.com/workout/2680246885
"Jan. 7, 2018","Jan. 7, 2018",Run,715,7.017399671,2469,5.863998002,2.904661775,10.23191947,20.65641304,171,6488,b'',Under Armour Record Android,http://www.mapmyfitness.com/workout/2645835994
"Jan. 1, 2018","Jan. 1, 2018",Run,870,9.460190742,3055,5.38220542,3.540771892,11.14784542,16.94542671,169,8092,b'',Under Armour Record Android,http://www.mapmyfitness.com/workout/2637404584
"Dec. 28, 2017","Dec. 28, 2017",Run,721,9.000706936,2744,5.081082727,3.614286318,11.80849723,16.60086616,,7310,b'',Under Armour Record Android,http://www.mapmyfitness.com/workout/2632727209
"Dec. 27, 2017","Dec. 27, 2017",Walk,336,8.168997957,2596,5.296443768,4.38616604,11.32834944,13.67937572,,7429,b'',Under Armour Record Android,http://www.mapmyfitness.com/workout/2631537052
"Dec. 22, 2017","Dec. 22, 2017",Run,384,9.211691935,2968,5.369989263,3.970642697,11.17320868,15.1109033,,7863,b'',Under Armour Record Android,http://www.mapmyfitness.com/workout/2627196943
"Nov. 30, 2017","Nov. 29, 2017",Run,417,10.00331215,3222,5.368224569,3.742288784,11.17687799,16.03297695,,8537,b'',Under Armour Record Android,http://www.mapmyfitness.com/workout/2598428611
"Nov. 26, 2017","Nov. 26, 2017",Run,411,5.177468863,1760,5.665575539,1.544256542,10.5902721,38.85358752,,4639,b'',Under Armour Record Android,http://www.mapmyfitness.com/workout/2593289770
"Nov. 4, 2017","Nov. 4, 2017",Run,460,11.00055826,3557,5.389121282,3.164084248,11.13355445,18.96290035,,9421,b'',Under Armour Record Android,http://www.mapmyfitness.com/workout/2559956674
"Oct. 24, 2017","Oct. 23, 2017",Run,478,11.86846138,3690,5.181800783,1.262781605,11.57898868,47.51411132,,9811,b'',Under Armour Record Android,http://www.mapmyfitness.com/workout/2539856652
"Oct. 19, 2017","Oct. 18, 2017",Run,443,11.25346667,3423,5.069543864,3.61217987,11.83537327,16.61052223,,9121,b'',Under Armour Record Android,http://www.mapmyfitness.com/workout/2530930779
"Oct. 8, 2017","Oct. 8, 2017",Run,411,9.713179619,3175,5.447927851,3.855502615,11.01336864,15.56217945,,8400,b'',Under Armour Record Android,http://www.mapmyfitness.com/workout/2511233513
"Oct. 1, 2017","Sept. 30, 2017",Run,759,9.558199791,3249,5.665289708,4.111159578,10.59081928,14.59441653,,8564,b'',Under Armour Record Android,http://www.mapmyfitness.com/workout/2496544424
"Sept. 27, 2017","Sept. 26, 2017",Walk,73,0.765778984,564,12.27506363,8.838073153,4.887947877,6.788824543,,1036,b'',Under Armour Record Android,http://www.mapmyfitness.com/workout/2488596227
"Sept. 27, 2017","Sept. 26, 2017",Run,960,12.00343706,3691,5.124920464,3.668283475,11.7074948,16.35640681,,9824,b'',Under Armour Record Android,http://www.mapmyfitness.com/workout/2488567631
"Sept. 24, 2017","Sept. 23, 2017",Run,485,11.77214215,3748,5.306317357,1.70507362,11.30728313,35.18911123,,9941,b'',Under Armour Record Android,http://www.mapmyfitness.com/workout/2482426499
"Sept. 19, 2017","Sept. 18, 2017",Run,405,10.11269927,3128,5.155237165,3.208475006,11.63866315,18.70041635,,8321,b'',Under Armour Record Android,http://www.mapmyfitness.com/workout/2472314264
"Sept. 13, 2017","Sept. 13, 2017",Run,602,7.654023971,2232,4.860191482,2.651105047,12.34518126,22.63204374,163,5974,b'',Under Armour Record Android,http://www.mapmyfitness.com/workout/2460692282
"Sept. 11, 2017","Sept. 11, 2017",Run,717,8.367591007,2736,5.449593126,2.677656238,11.00998901,22.40770118,160,7238,b'',Under Armour Record Android,http://www.mapmyfitness.com/workout/2456286908
"Sept. 11, 2017","Sept. 11, 2017",Run,77,2.05490698,596,4.833944763,3.93890927,12.41222653,15.23263408,,1596,b'',Under Armour Record Android,http://www.mapmyfitness.com/workout/2456217050
"Sept. 9, 2017","Sept. 9, 2017",Run,532,6.731902045,1904,4.713870993,3.04600508,12.72838216,19.69788776,167,5113,b'',Under Armour Record Android,http://www.mapmyfitness.com/workout/2452215785
"Sept. 7, 2017","Sept. 7, 2017",Walk,44,0.159989232,240,25.0016777,10.82105504,2.399837679,5.544737257,129,346,b'',Under Armour Record Android,http://www.mapmyfitness.com/workout/2448396602
"Sept. 7, 2017","Sept. 7, 2017",Run,767,9.629558104,2818,4.877341327,3.584684194,12.30179335,16.73782134,164,7539,b'',Under Armour Record Android,http://www.mapmyfitness.com/workout/2448371228
"Sept. 4, 2017","Sept. 4, 2017",Walk,53,0.360977469,303,13.98979957,10.69187197,4.28885348,5.611750341,126,528,b'',Under Armour Record Android,http://www.mapmyfitness.com/workout/2441678381
"Sept. 4, 2017","Sept. 4, 2017",Run,693,8.634854765,2478,4.782942615,3.62510439,12.54457898,16.55129837,167,6644,b'',Under Armour Record Android,http://www.mapmyfitness.com/workout/2441674637
"Sept. 2, 2017","Sept. 2, 2017",Run,790,10.0051629,2801,4.665925992,3.586945985,12.85917355,16.7273606,168,7530,b'',Under Armour Record Android,http://www.mapmyfitness.com/workout/2438840741
"Aug. 31, 2017","Aug. 31, 2017",Weight Workout,668,0,4200,0,0,0,0,119,,b'',Under Armour Record Android,http://www.mapmyfitness.com/workout/2434150751
"Aug. 28, 2017","Aug. 28, 2017",Machine Workout,645,0,4252,0,0,0,0,138,,b'',Under Armour Record Android,http://www.mapmyfitness.com/workout/2427444131
"Aug. 27, 2017","Aug. 27, 2017",Walk,89,0.614556975,510,13.83110137,7.53555486,4.338051126,7.962245533,125,892,b'',Under Armour Record Android,http://www.mapmyfitness.com/workout/2426346233
"Aug. 27, 2017","Aug. 27, 2017",Run,640,8.418381903,2396,4.743591178,3.1653767,12.64865526,18.95501457,162,6429,b'',Under Armour Record Android,http://www.mapmyfitness.com/workout/2426328638
"Aug. 24, 2017","Aug. 24, 2017",Walk,86,0.593527677,467,13.11366619,7.80237165,4.575364992,7.689960622,129,834,b'',Under Armour Record Android,http://www.mapmyfitness.com/workout/2419303820
"Aug. 24, 2017","Aug. 24, 2017",Run,602,7.60864047,2154,4.718320011,3.61557877,12.71639255,16.59491159,167,5783,b'',Under Armour Record Android,http://www.mapmyfitness.com/workout/2419261937
"Aug. 21, 2017","Aug. 21, 2017",Walk,54,0.326832017,323,16.47124543,10.29624493,3.642717957,5.82737025,122,529,b'',Under Armour Record Android,http://www.mapmyfitness.com/workout/2412328379
"Aug. 21, 2017","Aug. 21, 2017",Run,333,4.05044526,1211,4.98299307,2.065350851,12.04095087,29.05075135,165,3233,b'',Under Armour Record Android,http://www.mapmyfitness.com/workout/2412320588
"Aug. 21, 2017","Aug. 21, 2017",Weight Workout,228,0,903,0,0,0,0,156,,b'',Under Armour Record Android,http://www.mapmyfitness.com/workout/2412295859
"Aug. 21, 2017","Aug. 21, 2017",Run,20,0.548667213,153,4.647626611,3.470438887,12.90980351,17.28886072,,411,b'',Under Armour Record Android,http://www.mapmyfitness.com/workout/2412280064
"Aug. 20, 2017","Aug. 20, 2017",Walk,94,0.622013065,555,14.87109033,5.317147857,4.034673688,11.28425342,123,944,b'',Under Armour Record Android,http://www.mapmyfitness.com/workout/2411177663
"Aug. 20, 2017","Aug. 20, 2017",Run,663,8.535397306,2483,4.848441353,3.212892955,12.37511506,18.67482778,162,6647,b'',Under Armour Record Android,http://www.mapmyfitness.com/workout/2411123609
"Aug. 20, 2017","Aug. 19, 2017",Walk,141,2.665926616,1974,12.34092897,4.625884833,4.861876504,12.97049187,,3617,b'',Under Armour Record Android,http://www.mapmyfitness.com/workout/2409807173
"Aug. 19, 2017","Aug. 19, 2017",Bike Ride,190,5.258692454,809,2.564007447,1.696902589,23.40082737,35.35857516,149,,b'',Under Armour Record Android,http://www.mapmyfitness.com/workout/2409187541
"Aug. 19, 2017","Aug. 19, 2017",Run,636,8.004780495,2296,4.780475771,3.45708562,12.55104855,17.3556485,166,6156,b'',Under Armour Record Android,http://www.mapmyfitness.com/workout/2409144497
"Aug. 17, 2017","Aug. 17, 2017",Weight Workout,128,0,1052,0,0,0,0,104,,b'',Under Armour Record Android,http://www.mapmyfitness.com/workout/2404327256
"Aug. 16, 2017","Aug. 16, 2017",Bike Ride,179,5.355784178,825,2.567319355,1.784273592,23.37073263,33.62708195,142,,b'',Under Armour Record Android,http://www.mapmyfitness.com/workout/2401862966
"Aug. 15, 2017","Aug. 15, 2017",Weight Workout,274,0,1324,0,0,0,0,138,,b'',Under Armour Record Android,http://www.mapmyfitness.com/workout/2399669618
"Aug. 14, 2017","Aug. 14, 2017",Run,232,6.640105064,1957,4.912069763,3.532109978,12.21480831,16.98694779,,5232,b'',Under Armour Record Android,http://www.mapmyfitness.com/workout/2397260336
"Aug. 13, 2017","Aug. 13, 2017",Walk,89,0.519690974,472,15.13722361,9.916587131,3.963749898,6.050473609,131,797,b'',Under Armour Record Android,http://www.mapmyfitness.com/workout/2395992467
"Aug. 13, 2017","Aug. 13, 2017",Run,816,10.00397199,3026,5.041327398,2.905326642,11.90161387,20.65174595,163,8068,b'',Under Armour Record Android,http://www.mapmyfitness.com/workout/2395971590
"Aug. 9, 2017","Aug. 9, 2017",Walk,42,0.096835033,254,43.71700519,12.62383928,1.372464657,4.752907822,121,324,b'',Under Armour Record Android,http://www.mapmyfitness.com/workout/2386551584
"Aug. 9, 2017","Aug. 9, 2017",Run,483,6.005315416,1695,4.704165175,3.137961803,12.75466275,19.12061606,169,4552,b'',Under Armour Record Android,http://www.mapmyfitness.com/workout/2386539878
"Aug. 8, 2017","Aug. 8, 2017",Run,718,8.320115359,2521,5.050007954,3.933727034,11.8811752,15.2527026,169,6720,b'',Under Armour Record Android,http://www.mapmyfitness.com/workout/2384015627
"Aug. 8, 2017","Aug. 8, 2017",Walk,37,0.589317633,284,8.031906168,4.807791249,7.470220792,12.47973852,,638,b'',Under Armour Record Android,http://www.mapmyfitness.com/workout/2383835912
"Aug. 7, 2017","Aug. 7, 2017",Bike Ride,156,3.461280515,721,3.471737553,1.805238656,17.28242335,33.23649416,142,,b'',Under Armour Record Android,http://www.mapmyfitness.com/workout/2382458708
"Aug. 7, 2017","Aug. 7, 2017",Bike Ride,45,1.390836928,197,2.360688579,1.754683896,25.41636979,34.19421477,,,b'',Under Armour Record Android,http://www.mapmyfitness.com/workout/2382432149
"Aug. 7, 2017","Aug. 7, 2017",Machine Workout,345,0,1689,0,0,0,0,137,,b'',Under Armour Record Android,http://www.mapmyfitness.com/workout/2381750039
"Aug. 7, 2017","Aug. 7, 2017",Machine Workout,158,0,737,0,0,0,0,141,,b'',Under Armour Record Android,http://www.mapmyfitness.com/workout/2381710796
"Aug. 7, 2017","Aug. 7, 2017",Weight Workout,175,0,1135,0,0,0,0,117,,b'',Under Armour Record Android,http://www.mapmyfitness.com/workout/2381691332
"Aug. 7, 2017","Aug. 7, 2017",Bike Ride,180,4.902303226,811,2.757210391,1.83177742,21.76106676,32.75497843,144,,b'',Under Armour Record Android,http://www.mapmyfitness.com/workout/2381504432
"Aug. 5, 2017","Aug. 5, 2017",Run,661,7.835252198,2385,5.073228595,2.942695906,11.82679547,20.38942287,166,6355,b'',Under Armour Record Android,http://www.mapmyfitness.com/workout/2378486357
"Aug. 6, 2017","July 27, 2017",Run,739,10.00799535,3063,4.970124473,1.754385638,12.07212387,34.20000841,,8157,b'',Unknown,http://www.mapmyfitness.com/workout/2379697250
"Aug. 6, 2017","July 25, 2017",Run,387,5.25600485,1531,4.809599439,1.90476368,12.47505532,31.50001198,,4100,b'',Unknown,http://www.mapmyfitness.com/workout/2379696761
"Aug. 6, 2017","July 18, 2017",Run,672,9.100003461,2808,5.11746401,3.125,11.72455384,19.19995672,,7473,b'',Unknown,http://www.mapmyfitness.com/workout/2379696290
"Aug. 6, 2017","July 15, 2017",Run,624,8.453996686,2602,5.113959477,3.472222222,11.73260056,17.28000933,,6926,b'',Unknown,http://www.mapmyfitness.com/workout/2379695762
"Aug. 6, 2017","July 13, 2017",Run,574,7.803000945,2307,4.82230648,1.515151515,12.44219252,39.60000127,,6168,b'',Unknown,http://www.mapmyfitness.com/workout/2379695207
"Aug. 6, 2017","July 8, 2017",Run,598,8.10800382,2419,4.957945598,3.787878788,12.10178408,15.84000051,,6460,b'',Unknown,http://www.mapmyfitness.com/workout/2379694736
"Aug. 6, 2017","July 1, 2017",Run,742,10.01000703,3198,5.307386115,3.703701632,11.30499786,16.19997857,,8482,b'',Unknown,http://www.mapmyfitness.com/workout/2379694220
"Aug. 6, 2017","June 18, 2017",Run,517,7.007003309,2132,5.042365088,3.787878788,11.89918376,15.84000051,,5683,b'',Unknown,http://www.mapmyfitness.com/workout/2379693743
"Aug. 6, 2017","June 10, 2017",Run,690,9.249994322,3095,5.554996321,3.623190567,10.80109616,16.55998883,,8171,b'',Unknown,http://www.mapmyfitness.com/workout/2379693305
"Aug. 6, 2017","May 28, 2017",Run,443,6.015003667,1815,4.996358765,3.03030303,12.0087479,19.79992017,,4841,b'',Unknown,http://www.mapmyfitness.com/workout/2379692807
"Aug. 6, 2017","May 25, 2017",Run,388,5.263005496,1574,4.909199028,3.968256631,12.22195379,15.11999609,,4203,b'',Unknown,http://www.mapmyfitness.com/workout/2379692396
"Aug. 6, 2017","May 18, 2017",Run,668,9.000996618,2907,5.275702398,2.083333333,11.37287999,28.80001555,,7702,b'',Unknown,http://www.mapmyfitness.com/workout/2379691916
"Aug. 6, 2017","May 15, 2017",Run,594,8.044998002,2474,5.067045952,1.960786507,11.84121519,30.60006682,,6585,b'',Unknown,http://www.mapmyfitness.com/workout/2379691436
"Aug. 6, 2017","May 11, 2017",Run,444,6.008003021,1876,5.119222491,1.754385638,11.72053048,34.20000841,,4986,b'',Unknown,http://www.mapmyfitness.com/workout/2379690917
"Aug. 6, 2017","May 1, 2017",Run,308,4.185002511,1200,4.38894357,0.925923855,13.67071745,64.80007523,,3219,b'',Unknown,http://www.mapmyfitness.com/workout/2379690509
"Aug. 6, 2017","April 29, 2017",Run,665,9.012004531,2759,4.996277987,1.449273741,12.00894102,41.40005253,,7348,b'',Unknown,http://www.mapmyfitness.com/workout/2379690023
"Aug. 6, 2017","April 23, 2017",Run,597,8.083992407,2500,4.611674073,2.380951493,13.01045189,25.20007396,,6651,b'',Unknown,http://www.mapmyfitness.com/workout/2379689555
"Aug. 6, 2017","April 20, 2017",Run,738,10.00300638,3035,4.414693192,2.083333333,13.59097445,28.80001555,,8091,b'',Unknown,http://www.mapmyfitness.com/workout/2379689015
"Aug. 6, 2017","April 18, 2017",Run,295,4.001006212,1184,4.522202835,2.083333333,13.26786646,28.80001555,,3165,b'',Unknown,http://www.mapmyfitness.com/workout/2379688472
"Aug. 6, 2017","April 8, 2017",Run,495,6.709998874,2056,2.964978277,0.641025163,20.23621332,93.59992984,,5476,b'',Unknown,http://www.mapmyfitness.com/workout/2379687989
"Aug. 6, 2017","April 1, 2017",Run,594,8.00999477,2565,4.638647797,2.222222222,12.93481272,26.99996429,,6801,b'',Unknown,http://www.mapmyfitness.com/workout/2379687593
"Aug. 6, 2017","Nov. 20, 2016",Run,573,7.752000833,2400,4.70030646,1.388888889,12.76512349,43.19994286,,6385,b'',Unknown,http://www.mapmyfitness.com/workout/2379687206
"Aug. 6, 2017","Oct. 29, 2016",Run,722,9.794000874,2958,4.732872524,2.380951493,12.67728549,25.20007396,,7889,b'',Unknown,http://www.mapmyfitness.com/workout/2379686672
"Aug. 6, 2017","Oct. 22, 2016",Run,681,9.240998089,2703,4.538054015,2.083333333,13.22153345,28.80001555,,7234,b'',Unknown,http://www.mapmyfitness.com/workout/2379686237
"Aug. 6, 2017","Oct. 16, 2016",Run,574,7.788999652,2258,4.617496321,2.222222222,12.99405267,26.99996429,,6049,b'',Unknown,http://www.mapmyfitness.com/workout/2379685787
"Aug. 6, 2017","Oct. 14, 2016",Run,738,10.01000703,2989,4.636224449,2.380951493,12.94155587,25.20007396,,7980,b'',Unknown,http://www.mapmyfitness.com/workout/2379685361
"Aug. 6, 2017","Oct. 8, 2016",Run,481,6.519001928,1864,4.356862175,1.960786507,13.77138192,30.60006682,,4999,b'',Unknown,http://www.mapmyfitness.com/workout/2379684866
"Aug. 6, 2017","Oct. 4, 2016",Run,443,6.002000168,1733,4.560330172,2.222222222,13.15693438,26.99996429,,4645,b'',Unknown,http://www.mapmyfitness.com/workout/2379684326
"Aug. 6, 2017","Oct. 2, 2016",Run,691,9.349998958,2871,4.63431684,1.515151515,12.94689889,39.60000127,,7645,b'',Unknown,http://www.mapmyfitness.com/workout/2379683861
"Aug. 6, 2017","Sept. 25, 2016",Run,532,7.213997134,2171,4.582569047,1.960786507,13.0930917,30.60006682,,5794,b'',Unknown,http://www.mapmyfitness.com/workout/2379683369
"Aug. 6, 2017","Sept. 22, 2016",Run,737,10.01100482,2911,4.574068689,2.222222222,13.11740889,26.99996429,,7795,b'',Unknown,http://www.mapmyfitness.com/workout/2379682850
"Aug. 6, 2017","Sept. 17, 2016",Run,746,10.10299492,3083,4.700685497,1.754385638,12.76409351,34.20000841,,8214,b'',Unknown,http://www.mapmyfitness.com/workout/2379682313
"Aug. 6, 2017","Sept. 11, 2016",Run,458,6.218006319,1783,4.465477859,2.380951493,13.43641306,25.20007396,,4782,b'',Unknown,http://www.mapmyfitness.com/workout/2379681815
"Aug. 6, 2017","Sept. 6, 2016",Run,521,7.06899524,2134,4.590000646,2.380951493,13.07189664,25.20007396,,5692,b'',Unknown,http://www.mapmyfitness.com/workout/2379681338
"Aug. 6, 2017","Sept. 4, 2016",Run,571,7.733992274,2338,4.699156924,2.380951493,12.76824561,25.20007396,,6235,b'',Unknown,http://www.mapmyfitness.com/workout/2379680852
"Aug. 6, 2017","Aug. 22, 2016",Run,519,7.035005894,2067,4.469330361,1.587298924,13.42482578,37.79995,,5528,b'',Unknown,http://www.mapmyfitness.com/workout/2379680309
"Aug. 6, 2017","Aug. 16, 2016",Run,448,6.079007278,1808,4.509446085,2.380951493,13.30539636,25.20007396,,4831,b'',Unknown,http://www.mapmyfitness.com/workout/2379679868
"Aug. 6, 2017","Aug. 12, 2016",Run,75,1.018000203,310,5.068897638,4.166666667,11.83688605,14.40000778,,828,b'',Unknown,http://www.mapmyfitness.com/workout/2379679376
"Aug. 6, 2017","Aug. 12, 2016",Run,402,5.447999589,1600,4.51921404,2.222222222,13.27665348,26.99996429,,4280,b'',Unknown,http://www.mapmyfitness.com/workout/2379678926
"Aug. 6, 2017","Aug. 9, 2016",Run,675,9.149007986,2765,4.538700241,2.136752615,13.21965051,28.07999505,,7374,b'',Unknown,http://www.mapmyfitness.com/workout/2379678593
"Aug. 6, 2017","Aug. 6, 2016",Run,480,6.500993368,1996,4.495856697,2.222222222,13.34561387,26.99996429,,5315,b'',Unknown,http://www.mapmyfitness.com/workout/2379678092
"Aug. 6, 2017","July 19, 2016",Run,401,5.428993236,1652,4.484597451,2.380951493,13.3791365,25.20007396,,4403,b'',Unknown,http://www.mapmyfitness.com/workout/2379677564
"Aug. 6, 2017","July 12, 2016",Run,476,6.449993257,1855,4.417122753,0.46296317,13.583491,129.5999895,,4973,b'',Unknown,http://www.mapmyfitness.com/workout/2379677141
"Aug. 6, 2017","July 9, 2016",Run,605,8.197998336,2515,4.46887676,2.222222222,13.42619372,26.99996429,,6696,b'',Unknown,http://www.mapmyfitness.com/workout/2379676742
"Aug. 6, 2017","July 3, 2016",Run,666,9.016993498,2747,4.300609441,2.083333333,13.95151579,28.80001555,,7319,b'',Unknown,http://www.mapmyfitness.com/workout/2379676262
"Aug. 6, 2017","June 26, 2016",Run,594,8.049005268,2464,4.500206295,1.388888889,13.33272302,43.19994286,,6563,b'',Unknown,http://www.mapmyfitness.com/workout/2379675869
"Aug. 6, 2017","June 25, 2016",Run,375,4.783002555,1033,3.307235743,1.515151515,18.14197398,39.60000127,,2868,b'',Unknown,http://www.mapmyfitness.com/workout/2379675443
"Aug. 6, 2017","June 18, 2016",Run,523,7.06899524,2219,4.491196413,2.380951493,13.35947032,25.20007396,,5896,b'',Unknown,http://www.mapmyfitness.com/workout/2379675086
"Aug. 6, 2017","June 9, 2016",Run,594,8.002994124,2581,4.407342371,1.282050326,13.61365011,46.80004539,,6839,b'',Unknown,http://www.mapmyfitness.com/workout/2379674705
"Aug. 6, 2017","June 4, 2016",Run,543,7.344997736,2292,4.441952746,2.083333333,13.50756215,28.80001555,,6094,b'',Unknown,http://www.mapmyfitness.com/workout/2379674207
"Aug. 6, 2017","May 27, 2016",Run,374,5.076997517,1515,4.430718355,1.388888889,13.54182509,43.19994286,,4047,b'',Unknown,http://www.mapmyfitness.com/workout/2379673781
"Aug. 6, 2017","May 15, 2016",Run,592,8.01799321,2480,4.421404001,1.666666667,13.57034266,36.00005967,,6598,b'',Unknown,http://www.mapmyfitness.com/workout/2379673340
"Aug. 6, 2017","May 10, 2016",Run,606,8.219998068,2466,4.323339199,1.851853923,13.87816189,32.39995715,,6582,b'',Unknown,http://www.mapmyfitness.com/workout/2379672893
"Aug. 6, 2017","May 8, 2016",Run,332,4.506002266,1328,4.301435865,2.222222222,13.94882819,26.99996429,,3552,b'',Unknown,http://www.mapmyfitness.com/workout/2379672371
"Aug. 6, 2017","May 7, 2016",Run,102,1.3780008,371,4.16310621,2.380951493,14.41230316,25.20007396,,1003,b'',Unknown,http://www.mapmyfitness.com/workout/2379671918
"Aug. 6, 2017","May 6, 2016",Run,256,3.386993196,1192,4.673276813,1.851853923,12.83896019,32.39995715,,3134,b'',Unknown,http://www.mapmyfitness.com/workout/2379671009
"Aug. 6, 2017","May 6, 2016",Run,273,3.398998902,1412,5.176686899,1.666666667,11.59041502,36.00005967,,3661,b'',Unknown,http://www.mapmyfitness.com/workout/2379670574
"Aug. 6, 2017","April 29, 2016",Run,583,7.903005581,2361,4.286908206,1.515151515,13.99611071,39.60000127,,6303,b'',Unknown,http://www.mapmyfitness.com/workout/2379670076
"Aug. 6, 2017","April 21, 2016",Run,593,8.042004622,2417,4.301442078,0.938966436,13.94881209,63.89996913,,6449,b'',Unknown,http://www.mapmyfitness.com/workout/2379669479
"Aug. 6, 2017","April 14, 2016",Run,498,6.760001192,2001,4.287921041,1.818181818,13.99279546,33.00008152,,5348,b'',Unknown,http://www.mapmyfitness.com/workout/2379668972
"Aug. 6, 2017","April 12, 2016",Run,450,6.10400039,1790,4.109674501,1.449273741,14.59969518,41.40005253,,4788,b'',Unknown,http://www.mapmyfitness.com/workout/2379668435
"Aug. 6, 2017","April 9, 2016",Run,202,2.734999661,833,4.420981468,2.083333333,13.57164623,28.80001555,,2220,b'',Unknown,http://www.mapmyfitness.com/workout/2379667964
"Aug. 6, 2017","April 2, 2016",Bike Ride,2365,106.8139316,19059,2.31355136,0.29498541,25.93409576,203.4001601,,,b'',Unknown,http://www.mapmyfitness.com/workout/2379667625
"Aug. 6, 2017","March 26, 2016",Run,387,5.258000436,1621,3.708113368,0.450450618,16.18066644,133.1999311,,4316,b'',Unknown,http://www.mapmyfitness.com/workout/2379667055
"Aug. 6, 2017","March 21, 2016",Run,593,8.029001123,2474,3.310715422,0.564971815,18.12298372,106.1999668,,6584,b'',Unknown,http://www.mapmyfitness.com/workout/2379666626
"Aug. 6, 2017","March 19, 2016",Run,382,5.182007213,1568,3.409252466,0.854702289,17.59914225,70.20006808,,4183,b'',Unknown,http://www.mapmyfitness.com/workout/2379666197
"Aug. 6, 2017","March 9, 2016",Run,621,8.365997756,2705,3.802710918,0.574712429,15.77821779,104.4000765,,7166,b'',Unknown,http://www.mapmyfitness.com/workout/2379665726
"Aug. 6, 2017","Feb. 28, 2016",Run,214,2.872003116,955,3.959004414,1.149424859,15.1553212,52.20003825,,2525,b'',Unknown,http://www.mapmyfitness.com/workout/2379665342
"Aug. 6, 2017","Feb. 28, 2016",Run,251,2.946998546,1369,5.030024656,0.793652569,11.92837726,75.60006094,,3521,b'',Unknown,http://www.mapmyfitness.com/workout/2379664826
"Aug. 6, 2017","Feb. 21, 2016",Run,299,4.052006323,1209,3.572107641,0.406504141,16.79672333,147.6000194,,3228,b'',Unknown,http://www.mapmyfitness.com/workout/2379664391
"Aug. 6, 2017","Feb. 18, 2016",Run,399,5.405995711,1626,3.560748976,0.716844876,16.85031448,83.70005023,,4338,b'',Unknown,http://www.mapmyfitness.com/workout/2379663992
"Aug. 6, 2017","Feb. 11, 2016",Run,450,6.038998986,1986,3.781478665,0.843884216,15.86679608,71.10001325,,5254,b'',Unknown,http://www.mapmyfitness.com/workout/2379663563
"Aug. 6, 2017","Feb. 6, 2016",Run,209,2.802994445,925,3.422816999,0.378787879,17.52945765,158.4000051,,2447,b'',Unknown,http://www.mapmyfitness.com/workout/2379663167
"Aug. 6, 2017","Feb. 6, 2016",Run,208,2.542007128,1105,4.998732403,1.169588354,12.00303473,51.29993215,,2854,b'',Unknown,http://www.mapmyfitness.com/workout/2379662600
"Aug. 6, 2017","Jan. 29, 2016",Run,229,3.051992148,1049,3.599833224,0.62893328,16.667493,95.39998111,,2763,b'',Unknown,http://www.mapmyfitness.com/workout/2379662003
"Aug. 6, 2017","Jan. 29, 2016",Run,247,3.063000061,1290,5.032062754,1.204820101,11.92353314,49.80002354,,3342,b'',Unknown,http://www.mapmyfitness.com/workout/2379661586
"Aug. 6, 2017","Jan. 23, 2016",Run,186,2.523000776,755,3.426942903,0.900901237,17.50837524,66.59996556,,2018,b'',Unknown,http://www.mapmyfitness.com/workout/2379661154
"Aug. 6, 2017","Jan. 23, 2016",Run,189,2.484006371,901,4.215593434,0.95238184,14.2328774,63.00002396,,2361,b'',Unknown,http://www.mapmyfitness.com/workout/2379660698
"Aug. 6, 2017","Jan. 13, 2016",Run,187,2.529003629,725,3.752504126,0.793652569,15.98931544,75.60006094,,1945,b'',Unknown,http://www.mapmyfitness.com/workout/2379660278
"Aug. 6, 2017","Jan. 13, 2016",Run,174,2.297998391,810,4.155003529,1.169588354,14.4404184,51.29993215,,2129,b'',Unknown,http://www.mapmyfitness.com/workout/2379659864
"Aug. 6, 2017","Jan. 8, 2016",Run,183,2.48699975,710,3.142236837,0.766281168,19.09470563,78.30005737,,1905,b'',Unknown,http://www.mapmyfitness.com/workout/2379659504
"Aug. 6, 2017","Jan. 8, 2016",Run,184,2.450000932,850,4.394479987,1.449273741,13.65349747,41.40005253,,2237,b'',Unknown,http://www.mapmyfitness.com/workout/2379659054
"Aug. 6, 2017","Jan. 5, 2016",Run,227,3.074007974,928,3.642185884,0.980393253,16.47356705,61.1999727,,2476,b'',Unknown,http://www.mapmyfitness.com/workout/2379658679
"Aug. 6, 2017","Dec. 29, 2015",Run,308,4.172996805,1229,2.823367782,0.512820752,21.25122659,116.9999525,,3287,b'',Unknown,http://www.mapmyfitness.com/workout/2379658289
"Aug. 6, 2017","Dec. 27, 2015",Run,443,6.001002374,1835,2.694458115,0.266666418,22.26784919,225.0007753,,4888,b'',Unknown,http://www.mapmyfitness.com/workout/2379657875
"Aug. 6, 2017","Dec. 20, 2015",Run,163,2.208003875,656,2.575204555,0.266666418,23.29911683,225.0007753,,1753,b'',Unknown,http://www.mapmyfitness.com/workout/2379657461
"Aug. 6, 2017","Dec. 20, 2015",Run,186,2.429996786,896,3.765478356,0.46296317,15.9342276,129.5999895,,2347,b'',Unknown,http://www.mapmyfitness.com/workout/2379657020
"Aug. 6, 2017","Dec. 16, 2015",Run,185,2.50299663,706,2.672194385,0.39215668,22.45340655,153.0000122,,1898,b'',Unknown,http://www.mapmyfitness.com/workout/2379656633
"Aug. 6, 2017","Dec. 16, 2015",Run,169,2.22800802,792,3.205579416,0.469483839,18.71731446,127.7999383,,2080,b'',Unknown,http://www.mapmyfitness.com/workout/2379656228
"Aug. 6, 2017","Dec. 12, 2015",Run,478,6.38100068,2168,3.404617037,0.305810318,17.62312147,196.1999551,,5717,b'',Unknown,http://www.mapmyfitness.com/workout/2379655898
"Aug. 6, 2017","Dec. 9, 2015",Run,176,2.374007708,653,2.327314732,0.262467192,25.78088621,228.5992685,,1760,b'',Unknown,http://www.mapmyfitness.com/workout/2379655502
"Aug. 6, 2017","Dec. 9, 2015",Run,173,2.274003072,827,2.971372186,0.350877128,20.19276104,170.9992374,,2168,b'',Unknown,http://www.mapmyfitness.com/workout/2379655061
"Aug. 6, 2017","Dec. 6, 2015",Run,171,2.312997477,651,2.133167303,0.152206738,28.12714883,394.2007661,,1750,b'',Unknown,http://www.mapmyfitness.com/workout/2379654644
"Aug. 6, 2017","Dec. 6, 2015",Run,351,4.608002488,1675,2.925595771,0.421940865,20.50867526,142.2000265,,4390,b'',Unknown,http://www.mapmyfitness.com/workout/2379654278
"Aug. 6, 2017","Nov. 27, 2015",Run,187,2.532994802,738,3.038020461,0.374532107,19.74970863,160.2000563,,1975,b'',Unknown,http://www.mapmyfitness.com/workout/2379653903
"Aug. 6, 2017","Nov. 27, 2015",Run,193,2.521005189,925,3.613006293,0.512820752,16.6066598,116.9999525,,2422,b'',Unknown,http://www.mapmyfitness.com/workout/2379653507
"Aug. 6, 2017","Nov. 21, 2015",Run,180,2.437995226,754,3.133394725,0.456620834,19.14861865,131.4000408,,2007,b'',Unknown,http://www.mapmyfitness.com/workout/2379652988
"Aug. 6, 2017","Nov. 21, 2015",Run,387,5.08000699,1851,3.643360276,0.266666418,16.46825622,225.0007753,,4850,b'',Unknown,http://www.mapmyfitness.com/workout/2379652649
"Aug. 6, 2017","Nov. 12, 2015",Run,181,2.456003785,690,2.737742832,0.366300182,21.91588566,163.8006417,,1856,b'',Unknown,http://www.mapmyfitness.com/workout/2379652214
"Aug. 6, 2017","Nov. 12, 2015",Run,186,2.467993398,861,3.209649398,0.444444444,18.6936571,134.9999824,,2266,b'',Unknown,http://www.mapmyfitness.com/workout/2379651851
"Aug. 6, 2017","Nov. 7, 2015",Run,161,2.182994669,639,2.974211853,0.292397399,20.17344891,205.1994067,,1712,b'',Unknown,http://www.mapmyfitness.com/workout/2379651446
"Aug. 6, 2017","Nov. 7, 2015",Run,176,2.331006036,812,2.845289758,0.512820752,21.0875563,116.9999525,,2136,b'',Unknown,http://www.mapmyfitness.com/workout/2379651047
"Aug. 6, 2017","Nov. 5, 2015",Run,175,2.376003295,672,2.848955848,0.347222222,21.06035839,172.8000933,,1806,b'',Unknown,http://www.mapmyfitness.com/workout/2379650651
"Aug. 6, 2017","Nov. 5, 2015",Run,289,3.824992259,1353,3.071642856,0.421940865,19.53357373,142.2000265,,3555,b'',Unknown,http://www.mapmyfitness.com/workout/2379650252
"Aug. 6, 2017","Oct. 31, 2015",Run,183,2.486001957,727,2.988236201,0.537634589,20.07881948,111.5999597,,1945,b'',Unknown,http://www.mapmyfitness.com/workout/2379649796
"Aug. 6, 2017","Oct. 31, 2015",Run,171,2.253998926,812,2.811872415,0.297618781,21.33813116,201.5993042,,2131,b'',Unknown,http://www.mapmyfitness.com/workout/2379649388
"Aug. 6, 2017","Oct. 25, 2015",Run,178,2.39900082,657,2.693824316,0.32679713,22.27316003,183.6004009,,1773,b'',Unknown,http://www.mapmyfitness.com/workout/2379648950
"Aug. 6, 2017","Oct. 25, 2015",Run,182,2.42000276,828,3.329027231,0.376647876,18.02320439,159.2999502,,2182,b'',Unknown,http://www.mapmyfitness.com/workout/2379648566
"Aug. 6, 2017","Oct. 22, 2015",Run,178,2.418007173,681,3.174423865,0.641025163,18.90110154,93.59992984,,1830,b'',Unknown,http://www.mapmyfitness.com/workout/2379648167
"Aug. 6, 2017","Oct. 22, 2015",Run,182,2.41200432,841,3.185086594,0.362319057,18.83785432,165.5998883,,2213,b'',Unknown,http://www.mapmyfitness.com/workout/2379647747
"Aug. 6, 2017","Oct. 18, 2015",Run,358,4.826004227,1563,3.177014983,0.374532107,18.88565184,160.2000563,,4140,b'',Unknown,http://www.mapmyfitness.com/workout/2379647372
"Aug. 6, 2017","Oct. 14, 2015",Run,267,3.60399714,1135,3.248777141,0.383141827,18.46850988,156.5999538,,3016,b'',Unknown,http://www.mapmyfitness.com/workout/2379646973
"Aug. 6, 2017","Oct. 10, 2015",Run,179,2.42500782,688,2.389806033,0.297618781,25.10673201,201.5993042,,1847,b'',Unknown,http://www.mapmyfitness.com/workout/2379646598
"Aug. 6, 2017","Oct. 10, 2015",Run,179,2.339004476,866,2.63442123,0.43290061,22.77543629,138.599924,,2265,b'',Unknown,http://www.mapmyfitness.com/workout/2379646253
"Aug. 6, 2017","Oct. 3, 2015",Run,172,2.327996563,646,2.927341824,0.574712429,20.49644425,104.4000765,,1739,b'',Unknown,http://www.mapmyfitness.com/workout/2379645461
"Aug. 6, 2017","Oct. 3, 2015",Run,175,2.341000063,793,3.392668068,0.311526311,17.68524215,192.5998525,,2093,b'',Unknown,http://www.mapmyfitness.com/workout/2379645053
"Aug. 6, 2017","Sept. 30, 2015",Run,173,2.339004476,666,2.498471427,0.427350523,24.01463117,140.3999752,,1789,b'',Unknown,http://www.mapmyfitness.com/workout/2379644669
"Aug. 6, 2017","Sept. 30, 2015",Run,309,4.120001107,1401,3.345661338,0.537634589,17.93372486,111.5999597,,3694,b'',Unknown,http://www.mapmyfitness.com/workout/2379644231
"Aug. 6, 2017","Sept. 26, 2015",Run,171,2.311999684,657,2.329408753,0.219298049,25.75771165,273.5997454,,1765,b'',Unknown,http://www.mapmyfitness.com/workout/2379643793
"Aug. 6, 2017","Sept. 26, 2015",Run,176,2.340002269,803,3.373045166,0.374532107,17.78807923,160.2000563,,2115,b'',Unknown,http://www.mapmyfitness.com/workout/2379643319
"Aug. 6, 2017","Sept. 23, 2015",Run,395,5.322004047,1732,3.248404319,0.444444444,18.47060202,134.9999824,,4585,b'',Unknown,http://www.mapmyfitness.com/workout/2379643019
"Aug. 6, 2017","Sept. 20, 2015",Run,81,1.093000462,335,3.118792502,0.724636871,19.23825911,82.79994413,,894,b'',Unknown,http://www.mapmyfitness.com/workout/2379642551
"Aug. 6, 2017","Sept. 20, 2015",Run,186,2.441004699,883,3.568112225,0.606060606,16.81555265,98.9999227,,2316,b'',Unknown,http://www.mapmyfitness.com/workout/2379642050
"Aug. 6, 2017","Sept. 13, 2015",Run,171,2.306994624,628,2.730305019,0.305810318,21.97559232,196.1999551,,1694,b'',Unknown,http://www.mapmyfitness.com/workout/2379641609
"Aug. 6, 2017","Sept. 13, 2015",Run,164,2.189995315,747,2.934245258,0.490196005,20.44816393,122.3999454,,1971,b'',Unknown,http://www.mapmyfitness.com/workout/2379641141
"Aug. 6, 2017","Sept. 11, 2015",Run,124,1.674007442,508,2.736394456,0.378787879,21.92666826,158.4000051,,1354,b'',Unknown,http://www.mapmyfitness.com/workout/2379640691
"Aug. 6, 2017","Sept. 11, 2015",Run,257,3.480994979,1025,3.196842937,0.505050505,18.7684916,118.8000038,,2742,b'',Unknown,http://www.mapmyfitness.com/workout/2379640328
"Aug. 6, 2017","Sept. 7, 2015",Run,190,2.560997388,814,2.271820071,0.231481274,26.41062252,259.1993353,,2160,b'',Unknown,http://www.mapmyfitness.com/workout/2379639956
"Aug. 6, 2017","Sept. 7, 2015",Run,205,2.732006281,929,3.079223584,0.680270968,19.48545435,88.19993699,,2450,b'',Unknown,http://www.mapmyfitness.com/workout/2379639617
"Aug. 6, 2017","Sept. 5, 2015",Run,287,3.859995491,1259,2.698950628,0.189393939,22.23083428,316.7993664,,3333,b'',Unknown,http://www.mapmyfitness.com/workout/2379639245
"Aug. 6, 2017","Aug. 29, 2015",Run,297,3.993007772,1305,2.896807643,0.411522956,20.71241821,145.7999681,,3454,b'',Unknown,http://www.mapmyfitness.com/workout/2379638201
"Aug. 6, 2017","Aug. 27, 2015",Run,265,3.537997943,1191,2.995406824,0.215053463,20.0307001,279.0007039,,3144,b'',Unknown,http://www.mapmyfitness.com/workout/2379637394
"Aug. 6, 2017","Aug. 27, 2015",Run,256,3.474992125,1043,3.442452328,0.469483839,17.42935645,127.7999383,,2785,b'',Unknown,http://www.mapmyfitness.com/workout/2379636527
"Aug. 6, 2017","Aug. 21, 2015",Run,227,3.060006682,983,2.617992176,0.297618781,22.91834604,201.5993042,,2606,b'',Unknown,http://www.mapmyfitness.com/workout/2379632108
"Aug. 6, 2017","Aug. 20, 2015",Run,271,3.512007037,1325,3.694101448,0.766281168,16.24214339,78.30005737,,3462,b'',Unknown,http://www.mapmyfitness.com/workout/2379631796
"Aug. 6, 2017","Aug. 20, 2015",Run,259,3.508997564,1010,2.217170474,0.228310417,27.06144123,262.7994378,,2707,b'',Unknown,http://www.mapmyfitness.com/workout/2379631388
"Aug. 6, 2017","Aug. 18, 2015",Run,276,3.620991813,1312,3.454780333,0.469483839,17.36723578,127.7999383,,3441,b'',Unknown,http://www.mapmyfitness.com/workout/2379631160
"Aug. 6, 2017","Aug. 18, 2015",Run,269,3.661997898,1060,2.851372982,0.39215668,21.04249467,153.0000122,,2840,b'',Unknown,http://www.mapmyfitness.com/workout/2379630785
"Aug. 6, 2017","Aug. 15, 2015",Run,120,1.516999841,608,3.094304263,0.383141827,19.39050305,156.5999538,,1582,b'',Unknown,http://www.mapmyfitness.com/workout/2379630410
"Aug. 6, 2017","Aug. 13, 2015",Run,275,3.477003805,1406,5.550870417,0.378787879,10.80912679,158.4000051,,3652,b'',Unknown,http://www.mapmyfitness.com/workout/2379630023
"Aug. 6, 2017","Aug. 13, 2015",Run,246,3.269993887,1135,3.023368528,0.222222222,19.8454646,269.9996429,,2987,b'',Unknown,http://www.mapmyfitness.com/workout/2379629744
"Aug. 6, 2017","Aug. 10, 2015",Run,340,4.523994732,1554,3.386143671,0.537634589,17.71919931,111.5999597,,4093,b'',Unknown,http://www.mapmyfitness.com/workout/2379629246
"Aug. 6, 2017","Aug. 9, 2015",Run,301,3.772994354,1553,3.488837688,0.350877128,17.19761092,170.9992374,,4029,b'',Unknown,http://www.mapmyfitness.com/workout/2379624062
"Aug. 6, 2017","Aug. 9, 2015",Run,268,3.578006235,1224,3.496182295,0.456620834,17.16156161,131.4000408,,3225,b'',Unknown,http://www.mapmyfitness.com/workout/2379623717
"Aug. 6, 2017","Aug. 8, 2015",Run,341,3.740002802,1944,2.955067406,0.396825663,20.30412764,151.1999609,,4961,b'',Unknown,http://www.mapmyfitness.com/workout/2379623318
"Aug. 6, 2017","Aug. 8, 2015",Run,261,3.52399665,1100,2.968569802,0.366300182,20.2117513,163.8006417,,2924,b'',Unknown,http://www.mapmyfitness.com/workout/2379622964
"Aug. 6, 2017","Aug. 4, 2015",Run,526,6.766004045,2610,3.793328213,0.333333333,15.81722829,180.0002984,,6805,b'',Unknown,http://www.mapmyfitness.com/workout/2379622676
"Aug. 6, 2017","July 26, 2015",Run,168,2.247996073,751,2.641691273,0.396825663,22.71267187,151.1999609,,1984,b'',Unknown,http://www.mapmyfitness.com/workout/2379622340
"Aug. 6, 2017","July 26, 2015",Run,179,2.421000553,742,3.494560517,0.91742971,17.16960833,65.40003867,,1978,b'',Unknown,http://www.mapmyfitness.com/workout/2379621944
"Aug. 6, 2017","July 15, 2015",Run,52,0.703999486,210,3.048273085,0.549450584,19.68324273,109.199945,,561,b'',Unknown,http://www.mapmyfitness.com/workout/2379621617
"Aug. 6, 2017","July 3, 2015",Run,190,2.40400588,963,2.901809681,0.216450305,20.67669078,277.1998479,,2503,b'',Unknown,http://www.mapmyfitness.com/workout/2379621368
"Aug. 6, 2017","July 3, 2015",Run,162,2.195000375,687,2.662967023,0.347222222,22.5312988,172.8000933,,1826,b'',Unknown,http://www.mapmyfitness.com/workout/2379621065
"Aug. 6, 2017","July 2, 2015",Run,199,2.655996964,906,2.892830868,0.362319057,20.7409036,165.5998883,,2388,b'',Unknown,http://www.mapmyfitness.com/workout/2379620747
"Aug. 6, 2017","June 25, 2015",Run,448,5.899002152,2118,3.269071125,0.300299998,18.35392458,199.8000576,,5557,b'',Unknown,http://www.mapmyfitness.com/workout/2379620369
"Aug. 6, 2017","June 24, 2015",Run,123,1.648998236,558,3.308801599,0.775191631,18.13344445,77.39995127,,1474,b'',Unknown,http://www.mapmyfitness.com/workout/2379620003
"Aug. 6, 2017","June 24, 2015",Run,172,2.33499721,678,2.391980832,0.336700544,25.08387932,178.1994424,,1816,b'',Unknown,http://www.mapmyfitness.com/workout/2379616796
"Aug. 6, 2017","June 22, 2015",Run,147,1.982003697,630,2.775584337,0.314465397,21.61703048,190.800606,,1673,b'',Unknown,http://www.mapmyfitness.com/workout/2379616505
"Aug. 6, 2017","June 22, 2015",Run,121,1.660006149,453,3.205007755,1.111111111,18.72069408,53.99992858,,1223,b'',Unknown,http://www.mapmyfitness.com/workout/2379616160
"Aug. 6, 2017","June 14, 2015",Run,150,2.033003808,627,2.873779627,0.469483839,20.87834158,127.7999383,,1670,b'',Unknown,http://www.mapmyfitness.com/workout/2379615791
"Aug. 6, 2017","June 14, 2015",Run,3722,1.015000386,7,9.999975145,7.142848266,6.000004581,8.400003195,,101,b'',Unknown,http://www.mapmyfitness.com/workout/2379615494
"Aug. 6, 2017","June 14, 2015",Run,99,1.349999824,374,2.482284707,0.58479542,24.17138127,102.6000252,,1007,b'',Unknown,http://www.mapmyfitness.com/workout/2379615239
"Aug. 6, 2017","June 11, 2015",Run,136,1.850005302,553,2.994853804,0.58479542,20.03440159,102.6000252,,1477,b'',Unknown,http://www.mapmyfitness.com/workout/2379614837
"Aug. 6, 2017","June 11, 2015",Run,167,2.262995159,664,2.791416875,0.264550028,21.49439846,226.8000219,,1777,b'',Unknown,http://www.mapmyfitness.com/workout/2379614444
"Aug. 6, 2017","June 6, 2015",Run,106,1.433000131,433,2.345141871,0.43290061,25.58470717,138.599924,,1155,b'',Unknown,http://www.mapmyfitness.com/workout/2379614132
"Aug. 6, 2017","June 6, 2015",Run,163,2.209001668,686,2.48550341,0.347222222,24.13999907,172.8000933,,1825,b'',Unknown,http://www.mapmyfitness.com/workout/2379613772
"Aug. 6, 2017","May 30, 2015",Run,178,2.413002113,763,5.240507934,2.083333333,11.44927555,28.80001555,,2027,b'',Unknown,http://www.mapmyfitness.com/workout/2379613403
"Aug. 6, 2017","May 30, 2015",Run,180,2.438993019,684,2.422073839,0.406504141,24.77214939,147.6000194,,1838,b'',Unknown,http://www.mapmyfitness.com/workout/2379613091
"Aug. 6, 2017","May 28, 2015",Run,166,2.23899984,698,2.687635459,0.366300182,22.3244981,163.8006417,,1856,b'',Unknown,http://www.mapmyfitness.com/workout/2379612794
"Aug. 6, 2017","May 28, 2015",Run,162,2.201003228,622,2.971067715,0.505050505,20.19469225,118.8000038,,1672,b'',Unknown,http://www.mapmyfitness.com/workout/2379612443
"Aug. 6, 2017","May 26, 2015",Run,156,2.102994179,679,2.24466615,0.284900556,26.7300773,210.6003652,,1799,b'',Unknown,http://www.mapmyfitness.com/workout/2379612020
"Aug. 6, 2017","May 26, 2015",Run,101,1.363000105,410,2.927733288,0.450450618,20.49370836,133.1999311,,1096,b'',Unknown,http://www.mapmyfitness.com/workout/2379611606
"Aug. 6, 2017","May 22, 2015",Run,153,1.984997076,750,3.911283107,0.520833333,15.34023482,115.2000622,,1959,b'',Unknown,http://www.mapmyfitness.com/workout/2379611198
"Aug. 6, 2017","May 22, 2015",Run,165,2.23899984,667,2.688648294,0.546448118,22.31612951,109.8000694,,1781,b'',Unknown,http://www.mapmyfitness.com/workout/2379610907
"Aug. 6, 2017","May 17, 2015",Run,457,6.031000547,2144,3.475347719,0.311526311,17.26439869,192.5998525,,5629,b'',Unknown,http://www.mapmyfitness.com/workout/2379610670
"Aug. 6, 2017","May 16, 2015",Run,227,3.060006682,983,3.614224181,0.343642503,16.6010271,174.5993399,,2606,b'',Unknown,http://www.mapmyfitness.com/workout/2379610373
"Aug. 6, 2017","May 15, 2015",Run,283,3.814998232,1208,2.865627237,0.264550028,20.93788731,226.8000219,,3207,b'',Unknown,http://www.mapmyfitness.com/workout/2379610109
"Aug. 6, 2017","May 11, 2015",Run,2304,2.617002559,628,3.560587419,0.574712429,16.85111916,104.4000765,,1721,b'',Unknown,http://www.mapmyfitness.com/workout/2379609785
"Aug. 6, 2017","May 11, 2015",Run,131,1.766995338,484,2.540693599,0.333333333,23.61567479,180.0002984,,1305,b'',Unknown,http://www.mapmyfitness.com/workout/2379609500
"Aug. 6, 2017","May 9, 2015",Run,20,0.261000191,97,3.727599569,1.282050326,16.09617588,46.80004539,,256,b'',Unknown,http://www.mapmyfitness.com/workout/2379609155
"Aug. 6, 2017","May 9, 2015",Run,142,1.920993466,573,2.638938599,0.340136105,22.73649016,176.4001958,,1531,b'',Unknown,http://www.mapmyfitness.com/workout/2379608822
"Aug. 6, 2017","May 1, 2015",Run,193,2.453992105,976,2.987471914,0.595238184,20.08380845,100.799974,,2538,b'',Unknown,http://www.mapmyfitness.com/workout/2379608531
"Aug. 6, 2017","May 1, 2015",Run,202,2.587004387,1011,3.41682698,0.374532107,17.56019612,160.2000563,,2633,b'',Unknown,http://www.mapmyfitness.com/workout/2379608264
"Aug. 6, 2017","April 23, 2015",Run,168,2.263992952,712,2.395404587,0.396825663,25.04799095,151.1999609,,1893,b'',Unknown,http://www.mapmyfitness.com/workout/2379607928
"Aug. 6, 2017","April 23, 2015",Run,155,2.05500354,727,3.022666378,0.256410065,19.84997076,234.0002269,,1910,b'',Unknown,http://www.mapmyfitness.com/workout/2379607646
"Aug. 6, 2017","April 18, 2015",Run,107,1.433000131,488,3.223543257,0.709220651,18.61302897,84.59999539,,1287,b'',Unknown,http://www.mapmyfitness.com/workout/2379607325
"Aug. 6, 2017","April 18, 2015",Run,246,3.172998724,1217,3.520229361,0.505050505,17.04440137,118.8000038,,3176,b'',Unknown,http://www.mapmyfitness.com/workout/2379607001
"Aug. 6, 2017","April 7, 2015",Run,152,2.027998748,695,3.439768005,0.555555556,17.44303588,108.0000181,,1831,b'',Unknown,http://www.mapmyfitness.com/workout/2379606689
"Aug. 6, 2017","April 7, 2015",Run,167,2.259003986,658,2.509090661,0.358423059,23.91308156,167.4007442,,1763,b'',Unknown,http://www.mapmyfitness.com/workout/2379606311
"Aug. 6, 2017","April 3, 2015",Run,279,3.748999035,1235,3.098436382,0.606060606,19.36459261,98.9999227,,3266,b'',Unknown,http://www.mapmyfitness.com/workout/2379605645
"Aug. 6, 2017","Aug. 25, 2014",Run,277,3.144996138,756,2.807205917,1.851853923,21.37353673,32.39995715,,2071,b'',Unknown,http://www.mapmyfitness.com/workout/2379605243
